배신감에 찬 그녀는 지금껏 그에게서 받은 편지를 모두 찢어발겨 없앴다. ,0,1
방문을 열자 방 안에 죽음의 검은 그림자들처럼 참담하게 앉아 있던 여러 사람들의 눈길이 한꺼번에 그에게로 쏠려 왔다. ,0,0
한이 서리다.,1,0
사람들은 마치 내게 유쾌한 비밀이라도 감춘 듯이 빙글거렸다. ,1,1
시험에 떨어졌다고 해서 너무 실망하지 마. ,0,0
이렇게 어수선한 때 너희들이 동지자가 되어 주어서 기쁘다. ,1,1
나는 그가 나를 공개적으로 모욕했다는 사실에 수치를 느꼈다. ,1,0
그 여자는 뱀이 숲에서 기어 나오는 바람에 기겁을 하였다.,1,0
학교 앞 골목에서 얼쩡얼쩡하는 불량배들 때문에 학교 가기가 무섭다. ,0,1
잠든 아이의 숨소리가 불규칙적으로 쌔근대서 괜히 불안하다.,0,1
그는 머리로 책상을 내리받으면서 자기의 실수를 후회했다. ,0,1
자꾸 그가 이상한 소리를 사부랑거려서 창피했다.,0,1
어른들은 이웃들과 헤어지는 것이 무서울 정도로 마음이 아팠다. ,0,1
도심의 거리에서 초고층으로 올라가는 건물들을 올려다보면 속이 답답하다. ,0,0
가슴에 사무치다.,0,1
사장은 새로 뽑은 신입 사원들에게 만족하여 면접 심사 위원들에게 특별 상여금을 주었다. ,1,0
통증은 사실 못 견딜 정도로 그를 괴롭히고 초조하게 만들었다. ,0,1
거부감을 느끼다.,0,1
싸우자니 군사와 군기와 양식이 없고 항복하자니 이런 수치가 없다.,1,0
오랜만에 고향에서 설맞이하니 기분이 매우 좋다. ,1,1
그따위 총사냥에 비하면 개사냥은 얼마나 장하고 통쾌한 일인지 몰랐다. ,1,1
그는 3년 만에 무대에 나타나 청소년들을 열광시켰다.,1,1
김범우는 지주의 아들로서 소작농들의 헐벗고 굶주리는 비참한 생활에 대하여 자책과 죄의식을 느끼고….,0,1
중국요리를 응용해 마파두부덮밥을 만들어 보는 것도 재미있다. ,1,1
그는 그런 몰골을 하고 학교에 가기가 창피스러웠다. ,0,1
지난겨울 선애와 함께 말없이 걷던 보득거리는 눈길이 그립다. ,1,0
좋은 기회가 왔는데 작은 실수로 실기하다니 원통하다. ,1,0
"그리 쌍긋빵긋 웃지 마라, 미운 정이라도 들까 무섭다. ",0,1
심하게 싸우고 난 뒤 영희는 순이와 서먹하게 지낸다.,0,0
두 나라는 평화가 영구화하도록 노력하였다.,1,0
햇볕은 따가우나 한여름에 운동장에서 친구들과 노는 것이 제일 재미있다. ,1,1
아이는 뱀을 보자 기겁하여 비명을 질렀다. ,1,0
이상하게도 나만 우스운 꼴이 되어 버렸다.,0,1
이번 입찰에 참가한 업자들끼리 서로 줄이 닿아 있어 담합이 의심된다.,0,1
고생만 하던 그가 드디어 성공을 했다니 참으로 반가운 소식이구나.,1,1
태웅이가 겨울에도 다 떨어진 옷을 입고 궁색스레 사는 모습이 안타깝다. ,0,0
집안일은 세상 귀찮다.,0,0
시골에서는 밤똥을 누러 가기가 무섭다. ,0,1
평산은 내심 조준구를 곯려 준 한조의 짓이 통쾌했던 것이다. ,1,1
내가 어렸을 때 하늘나라로 가신 아버지의 모습이 그립다.,1,0
이때 무슨 생각이 있었다면 그것은…아버지에게 대한 미움과 간원이 뒤섞인 초조였다. ,0,1
잠시 무엇을 먹어야 할지를 망설였다. ,0,0
나는 그가 말하는 소위 오해를 풀 마음은 아니었으면서 그의 무성의에 실망했다. ,0,0
그녀는 종혁에게 홀딱 반하고 있었다…,1,1
태공이 초조한 마음으로 상감의 부름을 기다리며 안절부절 왕복할 동안에…. ,0,1
자주 볼통볼통 화를 내다. ,0,1
그녀가 박 사장의 딸이라는 사실만으로 나는 그녀에 대한 거부감이 앞섰다.,0,1
"나는 초승달이 뜬 밤에, 집밖으로 나가기가 무서웠다. ",0,1
계속된 실패로 절망의 나락에 떨어지다.,0,0
대부분의 사원들은 획일주의나 권위주의에 강한 거부감을 갖고 있었다.,0,1
윤리적 실존이 스스로의 무력과 죄악성에 대해서 절망을 느낀다. ,0,0
웃음과 객담 뒤에 오는 허무와 절망 같은 것이 두 사람의 가슴을 적신다. ,0,0
나는 끌날같은 대한의 젊은이들이 자랑스럽다. ,1,1
스키광 OOO 씨는 성큼 다가온 겨울이 무척 반갑다.,1,1
다른 분도 아니고 우리 부장님의 이야기를 바깥사람을 통해 알게 되다니 매우 부끄럽다.,0,1
성스럽고 장엄한 감동이 밀려왔다. ,1,1
한번 열심히 잘해 보려고 했었는데 그 결과는 우습게 되고 말았다.,0,1
그는 경적 소리에 깜짝 놀라 잠에서 깼다.,1,1
아들이 아직 속창자가 없어서 사회에 내보내기가 영 불안하다.,0,1
그러게 누가 그렇게 후회될 짓을 하라던가. ,0,1
노인을 일으켜 세우자 역겨운 냄새가 확 코를 찔렀다. ,0,1
그는 의심이 가득한 눈으로 나를 쳐다봤다. ,1,0
그의 그런 구차한 꼴은 차마 눈을 뜨고 보기가 역겨울 정도였다.,0,1
견딜 수 없는 죄책감.,1,0
동생의 장례식을 치른 그는 삶에 대한 허무를 느꼈다. ,0,0
어깨를 우쭐하며 춤을 춘다. ,1,0
그 정겨웠던 목소리를 지금도 이규도는 잊을 길이 없다.,1,1
오랜 훈련 기간을 거쳐 이번 스키 오리엔터링 단체전에 참가하게 되어 무척 기쁘다. ,1,1
젊어서 박처하는 사람은 늙어서 후회한다.,0,1
그의 얼굴에는 초조한 빛이 역력했다.,0,1
열등감에 사로잡히다.,1,0
아버지 대하기가 무서워서 그는 친구네 집으로 발길을 돌렸다. ,0,1
그는 도시에 대한 거부감 때문에 농촌에 산다.,0,1
연희의 얼굴은 황홀하도록 아름다웠다.,1,1
그는 땜장이의 감쪽같은 솜씨에 감탄을 금치 못했다.,1,1
그녀에게 자꾸 트집을 잡혀서 괴롭다.,0,0
노력과 성공은 불비례하는 경우도 있다는 것이 안타깝다. ,0,0
정선은 초조하여 유월이를 불러 남편이 사랑에 있나 없나 또는 무엇을 하고 있는가 보고 오라고 하였다.,0,1
스승과의 배별이 아쉽다.,0,0
세간에 훤자한 송도 기녀로 기명을 명월이라는 황진이온데 용색이 절묘하여 황홀ㆍ찬란하오며…. ,1,1
몸에 짝 달라붙는 바지는 보기에는 좋을지 몰라도 활동하기에는 불편하다.,0,1
나는 오늘처럼 네가 자랑스러운 적이 없구나. ,1,1
우리 교포 시위대의 효율적인 시위가 더해지자 한때는 참담한 심경까지 들었다. ,0,0
무슨 실수나 한 것이 아닐까 싶어 몹시 불안하다. ,0,1
이 동리에서 안하무인으로 곤댓짓을 하고 다니는 양반을 해내고 만 것이 통쾌하였다.,1,1
나야 뭐 너도 알다시피 아무 쓸모 없는 허무주의자고 염세주의자지…,0,0
아버지는 권력에 아부하는 사람들을 특히 경멸하셨다. ,0,1
어려운 환경에 처한 친구를 도와주지 못하는 내 처지가 안타깝다. ,0,0
그는 화를 누르지 못하고 버럭 소리를 질렀다. ,0,1
깊은 산속에서 사람을 만나면 무척이나 반갑다.,1,1
집안이 구순하고 편안하다. ,1,0
"연분홍 치마와 색색으로 아롱진 까치저고리에, 찬란한 아침 햇살이 마치 불이 붙은 듯 황홀하게 빛났다.",1,1
이렇게 수고로운 일을 부탁하여 미안하네. ,0,1
"네가 고단하게 자기에 깨우기가 미안해서 아무 말도 하지 않고 나갔더랬지, 성 안 피란민들의 동정을 좀 보살피느라고. ",0,1
그는 자신의 결심이 언제 흔들릴지 불안하다. ,0,1
우지직대는 국물이 불안하다 했더니 결국 냄비 바닥을 태우고 말았다.,0,1
참담했던 상황을 상기하다. ,0,0
나쁜 짓 할 생각은 추호도 없으니 떨 거 없다는 생각이 들었다. 그리고 자신의 그 정도의 잔혹성에 잠시 우쭐했다.,1,0
"이들은 상반된 것, 상합된 것 때문에 갈등하고 역사가 안고 내려온 숙제를 물려받아 이들은 고뇌한다.",0,1
그 선수는 드리블이 불안하다.,0,1
동궁의 성질이 또 매우 심약하기 때문에 대수롭지 않은 일도 크게 걱정하고 근심하여…,0,1
어린 중학생 아이가 저 문밖에서 초조하게 불안 속에 떨면서 네 실종된 고숙의 소식을 기다려 온 거다.,0,1
그는 몹시 흥분해 있음이 분명했다. 즐겁고 또 즐거워서 어쩔 줄 모르는 듯한 목소리였다. ,1,1
초막간이라도 의지하고 살던 데를 떠나게 되어서 속으로 심란하게 생각하는 사람이 많았다. ,0,1
바람 소리가 귀곡성처럼 무시무시하게 들려온다.,1,0
영준이의 원맨쇼는 여러 사람들이 나와서 하는 것보다 훨씬 재미있다.,1,1
나를 데리고 도시로 출분한 후의 어머니의 생활은 한마디로 비참했어요. ,0,1
은경은 남편이 딴 여자와 살림을 차린 사실을 알고 배신감에 매대기질을 칠 수밖에 없었다.,0,1
간밤에 우리 밭의 옥수수가 손타서 속상하다.,0,1
신도는 그대로 있기가 무안한지 자리를 차고 일어섰다. ,0,0
뱅골댁은 어떤 배신감 같은 것을 느끼며 한바탕 대거리를 벌일 것처럼 소리를 질러 댔다.,1,0
그는 흥분해 있었다. 그날 밤 그의 감정에 거짓은 없었을 것이다. 그런데도 그의 증오는 이튿날 아침에는 허무하게 무너졌다.,0,0
인사하기가 서먹하다.,0,0
"의약이라는 것의 힘을 신용치 않고 약을 경멸하던 태공도, 마침내 보약을 쓰기로 한 것이었다.",0,1
그는 후회와 깊은 뉘우침으로 잠을 이룰 수가 없었다. ,0,1
‘창작론’을 쓰는 일은 소설 쓰기보다 어렵고 지겹다. ,0,0
민정이는 자만심이 강해서 도무지 남의 충고를 받아들이지 않는다. ,1,0
프로시니엄 극장의 객석은 넓어서 매우 편안하다. ,1,0
이것은 여자에게는 죽음과 맞먹는 잔혹하고 비참한 고통이다.,0,1
우리는 대지의 너그러운 품의 편안함을 반기면서 이마에 아롱대는 햇살을 어루만지며 하염없이 누웠었다.,1,0
자신의 배가 부를 때 남이 먹는 음식 냄새만큼 역겨운 건 없다. ,0,1
가난하고 서러운 집에 병이 드니 더 서럽다.,0,1
학장직을 면하고 나니 마음이 홀가분하다. ,1,0
나는 애써 그에게서 고개를 돌렸다. 어쩌면 나의 그런 거부감은 그가 아니라 정작 누이를 향한 것인지도 몰랐다.,0,1
미력이나마 내가 도움을 줄 수 있어서 나 또한 기쁘다.,1,1
"명희는 처음엔 심드렁하게 새로운 현실을 받아들이는 것 같더니, 엄마가 헤어질 것을 밝히자 서러운 생각이 들었던 모양이었다. ",0,1
젊은이들 사이에서 우리말이 비속화되는 것을 보면 너무 안타깝다. ,0,0
오랜만에 우리집에 놀러왔는데 아무것도 다실 게 없어서 미안하다.,0,1
거기는 길도 서투르고 또 밤이 무섭다.,0,1
허무한 느낌. ,0,0
그의 자애로움이 담긴 동정심은 단순한 기만 술책에 지나지 않는다는 배신감이 나를 괴롭혔다. 그는 위선자였다! ,0,1
불딱총 소리에 놀라다. ,1,1
그녀는 아버지를 만날 수 있는 것만으로 만족하기로 생각하고 있었다.,1,0
무슨 일이 있는지 그는 아까부터 심란한 표정으로 담배를 물고 있었다. ,0,1
가뜩 좁은 밑창이라 확 이는 성냥 불길이 밑창을 다 불질하는 것처럼 무섭다. ,0,1
오페라나 전시회를 협상 테이블로 활용하는 이른바 ‘문화 접대’가 정착되고 있다는 소식도 반갑다.,1,1
며느리가 아이가 들어서 거동이 불편하다. ,0,1
까불지 마라. 고러다 나한테 맞고 나서 후회하지 말고.,0,1
그 애는 성미가 강팔라서 상대하기가 싫다. ,0,1
살기 위해 몸부림하는 모습이 보기에도 안타깝다.,0,0
하고 싶은 말도 있을 성싶지 않지만 말없이도 족히 즐겁다. ,1,1
밖이 너무 환해서 술 마시고 빨개진 얼굴이 창피하면 어쩌나!,0,1
강 부자 집 딸은 가방도 없는 홀가분한 맨손이었다. ,1,0
그는 의심이 많아 이웃 사람도 잘 믿지 못한다. ,0,1
여생이 얼마 안 남은 늙은 어미의 마음을 편안하게 해 주오. ,1,0
이상하게도 유독 그가 불편하다. ,0,1
우울한 분위기가 방 안을 덮고 있다. ,0,0
오늘 모임은 참으로 유쾌하였다.,1,1
불빛은 순간적으로 그를 묘한 감동에 젖게 하였다. ,1,1
이 구멍이 사랑하던 노국공주의 재궁이 들어갈 곳인가 생각하니 간장이 오그라지는 듯 애틋하다.,1,1
각지에서 일어나는 의병들의 기습은 무서웠다. ,0,1
그 열정은 열광으로 변하고 다시 광희로 바뀌었다. ,1,1
모사꾼이 꾸민 일을 두고 다들 큰일인 양 호들갑 떠는 꼴이 우습다. ,0,1
만족한 웃음. ,1,0
그렇게라도 해 봐야지. 나중에 후회하지 말고.,0,1
나는 그대가 그립다.,1,0
그의 얼굴은 말로 표현할 수 없을 정도로 참담하게 일그러져 있었다. ,0,0
봉순은 끝내 자신을 향한 석이의 애끓는 연정을 뿌리치고 떠났다.,1,0
그는 누명을 쓰고 죽기가 원통하여 눈물을 흘렸다. ,1,0
우리에게는 한마디의 의논도 없이 혼자서 일을 처리해 버린 동현이에 대한 배신감은 말로 표현할 수 없을 정도였다.,1,0
극의 최고 긴장점이어야 했을 OO과 OO의 대결이 폭발력 없이 쉽게 누그러지는 것은 못내 아쉽다.,0,0
유방 절제 환자가 부딪히는 문제는 상실감이라고 한다.,0,0
뭐가 잘못되었는지는 몰라도 일이 의도한 대로 되지 않고 아주 우습게 되어 버렸다.,0,1
어제 후배가 나에게 한 말을 생각하면 괘씸하기 짝이 없다. ,0,1
참담한 자괴가 어둠보다 무겁게 그의 어깨를 눌렀다. 무엇이 내게 참전을 자원하게 했던가. ,0,0
기다림은 사람을 설레게 한다. ,1,1
나라가 안녕해야 백성도 편안하다. ,1,0
참담한 광경을 목격하다.,0,0
남의 것을 넘보다니 부끄러운 줄 알아라. ,0,1
우리는 그의 실담에 감동하였다. ,1,1
한이 골수에 사무치다. ,0,1
사랑스러운 소녀.,1,1
해산일이 가까워지자 텔레비전과 영화의 출연을 일체 미루었던 O 양은 이날 딸을 순산하자 “아들에 이어 딸을 얻으니 무척 기쁘다.”라면서 옆에 있는 부군 OOO 군과 미소를 교환했다.,1,1
모든 고통이나 공포를 잊게 해 주는 축복 같은 잠과 그 속에서 때로 황홀하게 피어오르던 꿈은 네 개의 채광창으로 스며드는 새벽빛과 함께 산산이 부서지기 마련이었다.,1,1
나는 그녀와 서로 사랑한다. ,1,1
그녀는 25년 동안이나 그저 죽은듯이 섬겨 온 남편에 대해 심한 배신감을 느꼈다. ,0,1
양소가 이 사실을 알고 두 사람의 사랑에 감동하여 마음을 고쳐먹고 즉시 서덕언을 불러 그녀와 함께 고향으로 돌아가게 해 주면서 많은 선물까지 보내 주었다.,1,1
싸우자니 군사와 군기와 양식이 없고 항복하자니 이런 수치가 없다.,1,0
사람들 앞에서 그런 창피를 당하니 얼굴이 뜨뜻했다.,0,1
내 얘기가 황당하다고? ,0,1
지금의 이 참담한 심경을 한마디로 형용하기는 어렵다. ,0,0
격변의 시대를 살아야 했던 한 청년의 우여곡절이 이렇게 비참할 수 있을까.,0,1
불행한 사건이 연이어서 그에게 발생했다. ,0,1
지금 매우 황홀하고 여광여취하여 뭐가 뭔지 하나도 모르겠다. ,1,1
그의 행실은 너무나 역겹다. ,0,1
영희는 하는 일 없이 빈둥거리다 보니 따분하고 지겹기만 해 다시 밖으로 나오고 싶어졌다. ,0,0
노사가 갈등하다.,0,1
처음엔 나는 왜 내가 그 말뜻을 알아들었을까 하고 무척 무안하게 생각했다. ,0,0
로봇들의 대결이 급마무리된 같아 아쉽다.,0,0
지난가을에 소래 포구에서 맛본 새우젓의 그 짭짤한 맛이 그립다.,1,0
자네에게 손찌검한 일은 정말 미안하게 생각하네. ,0,1
괜히 내 가슴이 뿌듯하다.,1,1
교전국 간에 평화 협상이 시작되었다. ,1,0
눈물을 가지고 있는 사람은 실로 행복하다. 눈물은 감동된 마음의 아름다운 산물이기 때문이다. ,1,1
만고에 불역한 진리를 왜곡하려는 행위가 가증스럽다. ,1,0
사랑은 생명을 지닌 외로운 사람들에게 그 사는 소중한 힘을 준다.,0,0
아내를 먼저 보내고 슬퍼하는 아저씨를 볼 때마다 나는 참으로 안타깝다. ,0,0
백성이 슬프다 벌써 반이 되니 사좌가 감히 시끄럽게 떠드는 것을 말랴.,0,0
그 회사는 소비자들의 거부감을 없애기 위해 노력했다.,0,1
남과 같이 부모에게 효도는 못할망정 그들의 말년에 누명까지 씌운 것이 원통하다.,1,0
그녀는 그가 자기를 위해 그렇게 애써 주는 게 무척이나 고마웠다.,1,0
이 소설에는 전쟁을 겪은 한 가족의 참담한 수난상이 생생하게 드러나 있다.,0,0
"배춧값이 싸도 그렇지 일주일 내내 배춧국, 배추쌈, 배추김치만 먹었더니 지겹다. ",0,0
그는 마치 세상에서 제일 유쾌한 말이라도 들었다는 양 하하 웃었다. ,1,1
그가 그녀에게 한 말은 스스로 생각해도 낯간지러운 소리였다. ,1,0
말만이라도 고맙다. ,1,0
순식간에 부두는 해일과 같은 함성에 파묻히고 광장은 열광하는 수천 명의 전송 인파로 메워졌다.,1,1
문태석은 경채를 만나기가 즐거웠다. ,1,1
지배욕이 강한 아이는 모든 것을 받을 수는 있지만 줄 수 있는 것은 아무것도 없기 때문에 고독하며 불안하다. ,0,1
방이 좁아서 답답하다. ,0,0
자리가 너무 조여서 답답하다. ,0,0
간수들은 이상하게도 죄수들이 만든 물건에 대해 미신적으로 열광하고 있는 편이었다.,1,1
이들이 최 참판 댁에 도착했을 때 조바심을 내며 기다릴 줄 믿었던 최치수는 의외로 냉담했다. ,1,0
술은 알맞게 취했으나 왠지 기분은 유쾌하지 않았다. ,1,1
지난밤 남편의 일을 생각하면 할수록 그녀의 마음속에 온갖 의심이 들솟았다. ,0,1
자장을 입가에 묻혀 가며 자장면을 먹는 아이들의 모습을 볼 때면 그들보다 내가 더 행복하다. ,1,1
여기는 공포와 절망이 유착하는 바다에 둘러싸인 절해의 고도이다. ,0,0
원록은 동생의 행동이 괘씸하기 짝이 없었다. ,0,1
그날 나와 친구들은 평소 무뚝뚝하기만 했던 명식이 녀석에게 감동하고 말았다.,1,1
남과 같이 부모에게 효도는 못할망정 그들의 말년에 누명까지 씌운 것이 원통하다.,1,0
그녀와 헤어지고 난 뒤 나는 밤마다 사무치는 그리움에 잠을 이루지 못했다.,0,1
뇌물 받아먹은 게 가슴에 찔려서 풀이 죽어 꼼짝도 못 하고 무안에 취해 무료히 돌아간다. ,0,0
나는 영주의 가출을 막지 못한 것에 대해 죄책감이 들었다. ,1,0
주위 사람에게 억울한 심정을 내비치다. ,0,1
이웃 나라 사람들로 하여금 불만을 가지게 하였으니 이것은 실상 대왕의 큰 수치다. ,1,0
"신이 왜적에 대하여 근심하는 바는 조선을 위하여 함이 아니라, 우리나라의 강토가 침범을 당할까 근심하는 것이고, 우리나라 민심이 어지러워질까 걱정하는 것이옵니다. ",0,1
우뜰우뜰 놀라다. ,1,1
그렇게 큰 건물들이 비바람에 그토록 허무하게 무너질 줄 몰랐어요.,0,0
우리 팀은 다 이긴 경기를 마지막에 허무하게 지고 말았다. ,0,0
의사는 가능한 한 덤덤한 얼굴로 환자에게 병세를 설명해야 한다. ,0,0
아내에 대한 염려와 죄책감이 일순간 가슴을 꿰뚫고 지나갔다. ,0,1
기관총의 난사 소리에 놀라다.,1,1
아이가 나 때문에 다치게 된 것 같아 나는 심한 죄책감을 느꼈다.,1,0
마을 사람들은 시장의 연설에 감동하여 기부금 모금에 적극 동참하였다. ,1,1
박태영은 그들 전부의 태도가 진지하고 학구적인 데 감탄했다.,1,1
그는 여러 사람들이 자기를 중심으로 시선을 쏘는데 부지중 자만심을 느끼었다.,1,0
아무 죄도 없이 벌을 서기가 억울했다. ,0,1
그는 매일 반복되는 생활에 싫증을 느끼고 있다. ,0,0
이 따위 말라빠진 불안은 이젠 지겹다.,0,0
그녀는 언제나 밝은 표정과 붙임성 있는 말솜씨로 사람들을 편안하게 만들었다. ,1,0
몹시 놀라다.,1,1
뒷산은 대낮에도 혼자 가기에는 무시무시하다.,1,0
그토록 두렵게만 여겨지던 연설도 막상 끝내고 나니 짐을 벗은 듯 홀가분하다. 하긴 오늘을 대비해서 무려 일주일 전부터 인사말을 익혀 온 한익이다. ,1,0
그녀의 마음도 낙엽들이 우수수 깔린 을씨년스러운 거리처럼 심란해 있었다.,0,1
숭의 눈에 익은 농촌의 참담한 모양이 나뜬다. ,0,0
자기 순서를 초조하게 기다리다.,0,1
마땅히 할 일을 했을 뿐인데 이렇게 알려져서 부끄럽다. ,0,1
그가 여태껏 경험해 보지 못한 복잡스러운 감정이 난마처럼 갈등하고 있었다.,0,1
다행히 민병 포수들은 날이 밝자 총질을 거두고 물러가 주었다. 아마 한바탕 시위를 벌인 것으로 만족한 모양이었다. ,1,0
외출 준비를 서두르고 있는 나의 가슴은 기대감으로 설레고 있다. ,1,1
당장의 목표를 이루었다 해서 자만심에 빠지지 말고 더욱더 노력하자. ,1,0
삼을 겉껍질째 삼아서 짠 베로 만든 옷은 너무 거칠어서 어린아이들은 입기에 불편하다.,0,1
다시 고향에 돌아와서 맡아 보는 흙냄새가 그렇게 상큼하고 달짝지근할 수가 없었다. ,1,1
사랑을 깊이 느낄수록 그만큼 나는 늘 허전하고 외롭다. ,0,0
큰 수술을 앞둔 수환이의 심정은 퍽 비장했다. ,0,1
코스모스가 하늘거리는 고향 길은 언제 봐도 정겹다. ,1,1
"그녀는 그 소년을 만나는 게 좋았고, 그와 함께 보내는 시간이 즐거워 그가 바라면 별일이 없는 한 만나주었지.",1,1
나는 친구가 나를 고발하였다는 배신감에 사로잡혀 잠을 이루지 못하였다. ,1,0
무덤같이 덤덤하던 여해의 입이 이렇게 무망중에 떨어지리라고는 정말 생각 밖이었다.,0,0
이 책에서는 일제 시대 이후 일본의 그늘을 벗어나지 못하는 우리의 낯 뜨거운 모습이 하나하나 들추어지고 있다.,0,1
여란이는 태남이네가 살고 있는 모습에 배신감마저 느꼈다. ,0,1
가뜩이나 속상해서 있는데 공짜 손님이 초장부터 와서 시비를 거니…,0,1
자식을 잃은 부모들이 오늘도 애끓는 마음으로 마을 이곳저곳을 찾아다니고 있다.,1,0
현실에 절망하다. ,0,0
박 의원은 이번 선거에서 참담한 패배를 당하였다. ,0,0
실향민들은 고향을 그리는 애틋한 심정으로 휴전선에 모였다. ,1,1
그는 몹시 화가 나 있는 듯 눈알이 곤두서 있었다. ,0,1
여러분 친구의 불행한 죽음에 대해서 진심으로 슬퍼합니다. ,0,1
나는 어느새 진호를 시기하고 있었다.,1,0
그는 누명을 쓰고 죽기가 원통하여 눈물을 흘렸다. ,1,0
용현이는 아버지 덕택에 위기를 모면하게 되어 그런 아버지가 몹시 자랑스러운 모양이었다. ,1,1
사람이 많이 모이는 곳은 싫다. ,0,1
나는 그런 프로그램은 맥쩍어서 싫다. ,0,1
그는 성적이 많이 떨어졌는데도 덤덤한 모양이었다.,0,0
그분이 윗사람이라 주눅들었다.,0,0
그 여자는 자기 얼굴에 열등감을 갖고 있다. ,1,0
나는 요즘 하루하루가 즐겁다. ,1,1
편물기가 빠까닥빠까닥하던 소리가 그립다. ,1,0
아낙이 더 이상 헤픈 짓을 하기가 싫었던지 얀정머리 없이 사내에게 무안을 주었다. ,0,0
황홀하고 달콤한 시간. ,1,1
말이 끝나기도 전에 문을 쾅 닫고 나가는 뒷거조가 괘씸하다. ,0,1
박명하고 비참한 자기의 지나간 반생의 역사를 돌아다볼 때마다…,0,1
우리는 함께 지내는 것이 즐겁기만 하였다. ,1,1
마음이 답답하다. ,0,0
그는 사람이 가볍고 하는 행동마다 조잡스러워 상대하기가 불편하다. ,0,1
나는 스무 살 남짓한 나이로 자기 또래의 젊은이들을 가르치는 남편이 자랑스럽기도 했다. ,1,1
영희는 무안한 낯빛으로 어린애를 받아서 서투른 솜씨로 통통 불은 젖을 꺼내 물렸다. ,0,0
석양이 저무는 서녘 하늘에 화석된 태자의 애기(愛騎) 용마(龍馬)의 고영이 슬프다.,0,0
나는 꽃에 반해서 평생 우리 주변의 꽃을 연구하며 살아왔다.,1,1
"오, 이제 서서히 싫증이 나나 보군. ",0,0
아파서 그런지 눈이 상큼해 보였다. ,1,1
지승호 씨는 전례대로 커다랗게 소리를 내며 다시 한차례 유쾌하게 웃었다.,1,1
타이트한 옷이라 운동하기에 불편하다. ,0,1
그 탈은 마치 도깨비같이 생겨 무섭다.,0,1
춥춥스럽게 날아드는 파리떼도 장난꾼 각다귀들도 귀찮다. ,0,0
사무원은 기겁을 먹고 얼른 뒤로 물러선다.,1,0
새 차에 흠이 가서 속상하다.,0,1
너마저 내 곁을 떠나 버리면 나는 무척 외로울 거야.,0,0
그가 모교에 전입되어 기쁘다.,1,1
"그렇게 덤덤하게 앉아 있지 말고, 구체적인 대안을 제시하시오. ",0,0
그는 때때로 나를 실망시키곤 했다. ,0,0
사랑한다는 말을 낯간지럽게 어떻게 대놓고 하니? ,1,0
그 여자는 뱀이 숲에서 기어 나오는 바람에 기겁을 하였다.,1,0
지성과 학문이 파사의 칼이 되지 못함이 안타깝다. ,0,0
"송장처럼 누워 있곤 하는 그가 무서운지도 모르고, 방 안에서 나는 살 썩은 듯한 냄새와 오물의 구린내가 역겨운지도 몰랐다.",0,1
그는 암기식 공부에 금방 싫증을 느꼈다. ,0,0
병기가 나를 감쪽같이 속인 것이 괘씸하기도 하고 서글프기도 했다.,0,1
오랜만에 오이 냉채를 먹으니 입안이 상큼하고 밥맛이 돈다. ,1,1
그러지 않아도 젊은것이 너무 뻣뻣이 군다고 내심 괘씸하게 여기고 있던 변약유가 그 말을 듣고 불끈했다.,0,1
우리 가족은 지난 주말을 바닷가에서 유쾌하게 보냈다. ,1,1
초조한 얼굴. ,0,1
그는 들어오라는 주인의 말에 잠깐 망설이다가 안으로 들어섰다. ,0,0
나는 영주의 가출을 막지 못한 것에 대해 죄책감이 들었다. ,1,0
거부감이 들다. ,0,1
성냥을 긋기도 부싯돌을 치기도 귀찮아 촛불에다 담뱃불을 붙였다. ,0,0
억울한 누명으로 생목숨을 잃다. ,0,1
어리게만 생각했던 누이동생의 당돌함에 놀랐다. ,1,1
나는 그의 말을 듣고 열등감에 사로잡히지 않을 수 없었다.,1,0
꿈에 금년이가 두 번이나 온몸에 피를 흘리고 현몽하며 살려 달라고 하는 고로 자연 심신이 황홀하여…,1,1
한이 서리다.,1,0
모욕적인 언사에 격분하다. ,1,0
뻔들대는 사람은 정말 보기 싫다.,0,1
아들이 무사히 제대한 것이 여간 고마울 수 없다.,1,0
열등감이 심하다.,0,1
어머니는 장학금을 받은 아들이 무척 자랑스러웠다. ,1,1
하루하루가 근심 걱정 배고픈 줄 모르고 잔잔하게 흘러갔다.,0,1
키가 작은 그는 키가 크고 살결이 창백한 나에게 열등감을 느낀다는 얘기를 곧잘 했었다. ,0,1
밥 짓는 저녁연기가 안개처럼 포실하게 피어오르던 고향의 모습이 그립다.,1,0
지난주에는 끝내겠다고 한 일이 아직도 얼밋얼밋하는 게 영 불안하다. ,0,1
나는 그의 말을 듣고 열등감에 사로잡히지 않을 수 없었다.,1,0
아내는 옆에서 계속 화를 내며 쫑쫑대고 있다. ,0,1
성매매자를 단속하는 과정에서 여장을 한 남성 2명이 체포되는 황당한 사건이 벌어졌다. ,0,1
고향 친구와 이야기를 나누는 일은 언제나 즐겁다. ,1,1
위대한 인간의 죽음은 인생을 보람차게 만든다.,1,1
이 같은 황당한 일이 어떻게 일어날 수 있지? ,0,1
나는 꾸물대는 친구 때문에 비행기를 놓칠까 봐 조바심을 쳤다. ,1,0
혼자 살 때는 아픈 것만큼 서러운 것이 없다.,0,1
나는 반지를 끼는 것이 귀찮아서 집에 두고 다닌다.,0,0
"수줍은 새색시 마냥 보스락대는 솔잎 길을 지나고, 소보록하게 쌓인 눈을 뽀드득뽀드득 밟으며 나아가니 귀는 마냥 즐겁다.",1,1
남달리 믿었던 여자였기 때문에 배신을 당하자 그토록 격분했던 것인지도 모른다. ,1,0
드디어 외국어 영역 완강 달성! 정말로 뿌듯하다. ,1,1
상황이 심각한데도 태평히 먹고 자고 하는 자네가 부럽다 못해 아주 미울 지경이라네.,1,1
나중에 후회하지 말고 가지라고 할 때 가지라니까. ,0,1
"원통하다, 그 사또 놈을 단칼에 죽이지 못하고 말다니. 그놈 명수가 질긴 거다. ",1,0
할아버지의 입원으로 온 집안에는 우울한 공기가 가득하다. ,0,0
지난번 술자리에서 저지른 실수가 무안스러워 한동안 고개를 들지 못했다. ,0,0
경기에서 허무하게 지다. ,0,0
생각을 바꾸니 마음이 평화로워졌다. ,1,0
우리 편은 축구 경기에서 후반에 맹추격전을 벌여 통쾌한 역전승을 거두었다. ,1,1
나는 뜻을 이루지 못하고 죽는 것이 원통하였다. ,1,0
그는 언제나 자기가 어리석고 못났다는 열등감에 빠져 있는 듯했다. ,1,0
감자밥에 산채 씹는 빈한한 삶이지만 나는 마음만은 그지없이 평화롭다.,1,0
침대에 누울 때마다 우지직우지직하는 천장 때문에 불안하다. ,0,1
스케치 여행 다니다가 잠깐 들렀어. 이 근처는 매력 있는 고장이거든. 아무리 자주 와도 싫증이 안 날 것 같아.,0,0
올림픽이 열리는 잠실 경기장은 완전히 열광의 도가니이다. ,1,1
젊은 내외가 아들 삼 형제라니 말만 들어도 대견하고 부럽다. ,1,1
"어차피 안 될 일인데, 그가 헛물켜는 것을 보면 너무 안타깝다. ",0,0
그는 무슨 일을 할 때마다 조급스럽게 굴어 불안하다. ,0,1
나는 사람들 앞에서 아내에게 입맞춤하기가 낯간지러웠으나 사람들 성화에 할 수밖에 없었다.,1,0
몰래 숨어서 장난을 치던 아이들은 선생님이 나타나자 기겁해서 달아났다.,1,0
온갖 근심 걱정이 내 마음을 어지러이 만든다. ,0,1
사내는 무안을 당하고 물러날 수가 없었던지 변명 섞인 어조로 되받아넘겼다.,0,0
"자동차에 쓰는 코팅된 유리 조각들을 소재로 사용하는 OOO은 익명성, 상실감, 인간의 이중성 등을 신체화한다. ",0,0
한순간의 통쾌한 웃음을 쫓는 캡처꾼들과 자신의 ‘실수’를 감추고 싶은 스타들. ,1,1
어서 이 악몽의 순간이 한시바삐 스러져 제도되기를 초조하게 기다리는…,0,1
그는 여러 사람들이 자기를 중심으로 시선을 쏘는데 부지중 자만심을 느끼었다.,1,0
그이 앞에서 말 한마디 못하고 얼굴만 붉어지는 나 자신이 속상하다. ,0,1
그렇게 어려운 과제를 능숙히 해내는 우리 딸의 모습이 아버지로서 자랑스럽다. ,1,1
나는 꾸물대는 친구 때문에 비행기를 놓칠까 봐 조바심을 쳤다. ,1,0
투구 바위 둘레에 파 놓은 참호 속은 비참을 극하고 있었다. ,0,1
남들 앞에서 너무도 위선적인 자신을 바라보기가 가증스럽다. ,1,0
"당시에 ‘얀데레’ 타입의 캐릭터가 유행하던 때라 이런 설정을 넣은 것 같은데, 겪어 보면 소름 끼칠 정도로 무섭다.",0,1
군에 가서 종씨를 만나니 참으로 반갑다. ,1,1
그는 비장한 각오를 한 듯 단연한 표정으로 말을 시작했다. ,0,1
농촌 계몽에 젊음을 바치고자 했던 젊은이들은 정부의 실책에 큰 배신감을 느꼈다. ,0,1
억울한 일이 있으면 내부에 와서 호소하라 하여 놓고 와서 호소를 한즉 호소한 것이 괘씸하다 하고 관찰부로 잡아 가두고 중치하라 하였으니…,0,1
그는 갑자기 창피하다는 생각이 들었다. ,0,1
보장왕은 가장 은근하고 정중한 음성으로 말하고 있으나 그 속에는 신라를 경멸하는 조롱이 숨어 있었다.,0,1
그 정도면 생활비로 만족하오.,1,0
상대를 경멸하는 듯한 웃음이 그의 깐깐한 이마와 푸른 입술 꼬리에 엷게 깔려 있었다.,0,1
나는 한 해 중에서 선선한 가을바람이 부는 이맘때가 가장 좋다. ,1,1
만난 지가 얼마 되지 않아 아직 그녀와는 서먹하다.,0,0
바우 역시 어렸을 때 영산강 큰물에 부모를 잃고 꼴머슴으로 그 집에 빌붙어 살아온 터라 피붙이가 없는 외로운 사람이었다. ,0,0
식은 밥은 먹기 싫다. ,0,1
눈이 곱게 쌓인 고갯길에는 뽀득 눈 밟는 소리가 정겹다. ,1,1
나쁜 짓 할 생각은 추호도 없으니 떨 거 없다는 생각이 들었다. 그리고 자신의 그 정도의 잔혹성에 잠시 우쭐했다.,1,0
어제 과음을 한 탓인지 하루 종일 속이 불안하다.,0,1
나는 영주의 가출을 막지 못한 것에 대해 죄책감이 들었다.,0,1
선풍기 넉 대가 끊임없이 돌아가고 있지만 홀 안은 흡사 한증막처럼 무덥고 답답하다. ,0,0
나는 친구에게 직장 동료의 험담을 한 것을 후회했다. ,0,1
소행이 괘씸하다. ,0,1
열등감에 사로잡히다.,1,0
꿋꿋하던 사나이가 그의 생애 최고의 정점에서 갑자기 교통사고를 당해 허무하게 죽어 버린 것이다. ,0,0
불행하게도 한철은 대학 입시에 낙방을 하고 말았다. ,0,1
의자가 앉기에 불편하다.,0,1
그녀는 그의 경멸하는 태도에 앙분해서 피가 거꾸로 흐르는 듯했다. ,0,1
나는 그에게 모든 책임을 미룬 내 행동에 대한 죄책감으로 한동안 시달렸다. ,0,1
이 윗도리는 품이 좁아서 불편하다.,0,1
스파 ‘아스마라’에는 소금과 허브를 이용한 피부 관리와 다양한 마사지 프로그램이 있어 휴식이 더욱 즐겁다.,1,1
그는 참담한 기분으로 단상을 내려왔다. ,0,0
우리의 문화재가 자꾸 손실되어 가는 것이 안타깝다. ,0,0
발소리에 놀라다.,1,1
이 문화인인 아들은 원시인 그대로인 아버지를 경멸했고…,0,1
황단의 이름을 정할 처음에 교천의 예를 사용했는가 의심됩니다.,0,1
물장구치고 고기 잡던 어린 시절이 그립다.,1,0
그는 자신의 경솔이 새삼 후회스러워지고 있었다.,0,1
이 소식은 전교를 통해…조선인 학생들에게 큰 충격을 주었다. 격분을 불러일으켰다.,1,0
나는 모든 사람들이 행복하기를 바란다.,1,1
젊은 애들이 듣는데 실토를 하기란 낯간지럽다는 것인지?,1,0
김 영감은 젊은이의 무례한 언동이 괘씸하고 분해서 미칠 지경이었다.,0,1
도자기에 그려진 문양의 지교함은 감탄스러울 뿐이다.,1,1
자치 단체에 지자체에 걸맞는 권한 이양을 하지 않고 소아병적으로 간섭하는 것 같아 아쉽다. ,0,0
나는 그에게 묘한 배신감을 느꼈다. ,0,1
나는 울컥 치미는 화를 참지 못하여 소리를 지르고 말았다.,0,1
한 팀에만 유리하게 판정한 심판은 뇌물을 받은 게 아니냐는 의심을 받았다. ,1,0
일장검 들고 천하를 편력하던 때가 그립다.,1,0
황당하기 짝이 없는 일. ,0,1
사랑은 무슨 말라비틀어진 사랑이냐. ,1,1
학생 수가 적다는 이유로 내가 다닌 초등학교가 폐교된다는 사실이 못내 아쉽다. ,0,0
희성이는 황당하다는 듯이 입을 가래발리고 눈을 동그랗게 떴다.,0,1
오늘날 아버지들은 이래저래 괴롭다.,0,0
모처럼 장미 화원에 나간 영희는 황홀스러웠다.,1,1
젖을 떼는 아기에게는 그 상실감을 최소화하기 위해 젖 먹기 대신 무엇인가 색다른 즐거움을 선사해야 한다.,0,0
미옥이는 노골적으로 영호를 경멸하는 말투였다. ,0,1
사랑하는 그녀와 얘기하는 것은 즐겁다.,1,1
만고에 불역한 진리를 왜곡하려는 행위가 가증스럽다. ,1,0
그는 돈의 놀랄 만한 위력에 새삼스러운 기분으로 감탄하고 흥분했다. ,1,1
유모는 허둥대는 선이 모습이 우스웠던지 웃음을 머금었다.,0,1
부자든 누구든 이 집에 들어서면 황홀해서 정신을 잠깐 잃을 정도이다. ,1,1
마주 앉아서 엮어 내리는 이 화공의 이야기에 각일각 더욱 황홀하여 가는 처녀의 눈이었다. ,1,1
그녀는 약속 시간에 늦을까 봐 조바심을 냈다. ,1,0
모든 것들이 의좋게 한데 어울려서 지섭의 젖은 기분을 애틋하게 어루만져 오고 있었기 때문이었다.,1,1
고향에 계신 부모님이 그립다.,1,0
올림픽은 그 개최국의 국민을 우쭐하게 만드는 경사다.,1,0
"형이, 종대가 그를 찾아 이 먼 산골까지 찾아와 주었다는 말을 들었을 때 종세는 형에게 감동해서 눈물이 쏟아질 것만 같았다. ",1,1
죄인의 몸이 되어 강진에 유배된 그는 죄인과의 접촉을 두려워하는 고장 사람들로부터 외면당하고 있는 외롭고 서러운 신세였다. ,0,0
그 시인은 천재적인 재능이 있었지만 가난과 병으로 평생을 불행하게 살았다. ,0,1
고서들 가운데에는 그 내용이 너무 난해하여 황홀하다는 느낌을 주는 책들도 있다.,1,1
너와 함께 할 수 없어서 아주 안타깝다. ,0,0
나는 무엇보다 자네의 그 따뜻한 배려가 고맙네.,1,0
그는 평생을 죄책감 속에 보냈다.,0,1
너무 초조해 말고 마음을 느긋이 가져라. ,0,1
네가 와 주어서 정말 기쁘다.,1,1
죄 없는 사람을 치어 죽였다는 죄책감이 그의 마음을 괴롭혔다. ,1,0
그는 화가 나서 물건을 들놓으며 씩씩거렸다. ,0,1
그는 범행 후 죄책감에 사로잡혀 자수를 결심하게 되었다고 한다. ,0,1
급한 성미에 말을 빨리 죄어치려니 숨이 턱에 받쳐서 듣는 사람이 더 답답하다.,0,0
김 부장은 배신감으로 온몸을 퍼들퍼들 떨었다. ,0,1
아버지는 설명을 듣기 전에 단통 화부터 냈다.,0,1
그는 누구보다도 우세하다는 자만심에 차 있었다.,1,0
정화보다는 코앞에 앉아 있는 이 여자가 훨씬 더 손쉽고 홀가분하지 않을까.,1,0
이제 와서 후회해도 소용이 없다니까.,0,1
그는 왠지 중대장 오 대위가 가끔 못 견딜 정도로 역겹고 귀찮았다.,0,0
그들은 일년 동안 온갖 희생을 무릅쓰고 이 참담하고 무의미한 전쟁에 가장 많은 투자와 노력을 지불해 왔다.,0,0
심히 괴롭다.,0,0
신부를 집에 데려다 놓고 잔치를 베푼 다음 날 용이는 여독도 풀지 않은 채 봄갈이에 나섰다. 허전하고 서러운 마음에서 소 엉덩이를 갈기곤 했다.,0,1
참담한 외로움에 자신도 모르게 하늘만 쳐다봐도 질금 눈물이 솟구쳤다. ,0,0
창희가 면전에서 현관문을 쾅 닫고 들어가 버려 나는 퍽 무안했다.,0,0
충동구매한 옷을 볼 때마다 그것을 산 것을 후회하게 된다. ,0,1
너마저 떠나면 나 혼자 외로워서 어쩌니. ,0,0
몇 번 가위질로 한 터럭 머리칼도 남지 않은 민둥머리로 변했지만 조금 어색하기만 할 뿐 모두들 마냥 즐겁다.,1,1
아마 그것은 열등감에서 나오는 자격지심이었을 것이다. ,0,1
마을 사람들은 개동이의 그 같은 태도에 크게 실망한 눈빛으로 서로의 얼굴을 번갈아 보았다. ,0,0
그 집에서는 허허 웃는 유쾌한 소리가 그치지 않았다.,1,1
나는 어떤 어려운 경우에도 용기를 잃지 않고 자신의 의지를 끝까지 밀고 나가는 그의 억센 모습이 자랑스럽다.,1,1
나는 수다스러운 사람이 싫다.,0,1
소중한 민족의 오랜 유산들이 날로 날로 소멸해 가는 판국이라 슬프다.,0,0
나는 영주의 가출을 막지 못한 것에 대해 죄책감이 들었다. ,1,0
만족한 생활을 즐기다.,1,0
발길에 낙엽이 허무하게 차인다. ,0,0
각종 채소로 우려낸 국물이 시원하고 폰즈소스에 적셔 먹는 향긋한 버섯과 쫄깃거리는 해산물의 식감도 즐겁다.,1,1
돌아가신 부모님이 골육에 사무치도록 그립다. ,1,0
경제 불황의 여파로 시장 상인들의 설밑은 우울하다 못해 참담했다. ,0,0
고지식한 사람이 세상 살아가기가 더 힘들고 괴롭다.,0,0
이자는 어떻게 된 셈인지 똑같은 소리를 똑같게 싫증도 안 내고 되풀이만 하고 있었다. ,0,0
그의 수필에서 풍기는 향내는 그윽하고 황홀하기까지 하다. ,1,1
우승을 놓쳐서 억울하기가 한이 없다.,0,1
한을 품다.,1,0
아이들을 남의 손에 맡기고 일하러 다니는 직장인 엄마들의 마음은 항상 불안하다.,0,1
괴롭게 숨을 껄떡껄떡하며 죽어 가는 그를 그냥 바라보기가 너무 괴롭다. ,0,0
이 책은 읽을수록 새로운 감동을 준다.,1,1
"전투기 날아가는 소리가 날카롭게 지붕을 울렸으나, 그것들과는 무관한 듯 마을은 여전히 평화로웠다. ",1,0
잊어버려야 한다고 망각을 결단하여도 되살아나는 기억 때문에 고민하고 불행하게 됩니다.,0,1
어깨를 우쭐하며 춤을 춘다. ,1,0
참담한 옛 성터. ,0,0
생선 비린내가 역겹다.,0,1
아버지와 아기가 한방에서 낮잠 자는 모습이 평화롭다. ,1,0
열등감에 시달리다.,0,1
최 서방은 전처만이 보통 늙은이와 마찬가지로 구슬프게 늙어 간다는 데 배신감 비슷한 걸 느꼈다.,0,1
그런대로 어둠을 머금고 멀리 물러앉은 산봉우리마다 활활 타는 저녁놀은 너무나 황홀하였다. ,1,1
최 반장은 경멸하는 눈초리로 봉택이를 훑어보았다.,0,1
기분 나쁜 기름냄새와 비린 생선냄새가 역겹게 풍겨왔다. ,0,1
석양이 저무는 서녘 하늘에 화석된 태자의 애기 용마의 고영이 슬프다.,0,0
나는 의무병에게 진정제를 달라고 해서 두 알을 먹었지만 무시무시한 환상들은 머릿속에서 얼른 사라지지를 않았다.,1,0
그리고 혐오감과 함께 가책과 연민 때문에 갈등했었던 기억이 환국의 청춘을 조금은 병적으로 물들인 것은 사실이다,0,1
"예쁘게 밤 화장을 끝낸 그 여자는 장롱 속에 간직했던 녹의홍상을 꺼내 입고, 귀신도 홀릴 것 같은 황홀하게 아름다운 모습으로….",1,1
그가 말을 떠듬적대는 것을 보면 몹시 답답하다. ,0,0
강진에 유배된 그는 죄인과의 접촉을 두려워하는 고장 사람들로부터 외면당하고 있는 외롭고 서러운 신세였다. ,0,1
일이 어떻게 되었는지 궁금답답하다. ,0,0
딸이 그런 말을 꺼내자 노모는 오직 고마워서 감격의 눈물을 흘릴 뿐이었다.,1,0
옴칫 놀라다.,1,1
"싱싱한 그린샐러드와 탱탱한 새우 살, 독특한 소스가 어우러진 냉채의 뒷맛이 상큼하다. ",1,1
그녀는 약속 시간에 늦을까 봐 조바심을 냈다. ,1,0
견딜 수 없는 죄책감.,1,0
바삭 낙엽 밟는 소리가 듣기 좋다. ,1,1
너무 비참하면 동정심이 나기 전에 외면하게 되는 게 사람의 심리거든요. ,0,1
"민주 자본주의가 세계 전체에 이토록 널리 퍼진 적이 없다는 점에서 멋진 한편, 바로 이 민주 자본주의가 이토록 과도한 모습을 드러낸 적이 없다는 점에서 슬프다. ",0,0
그 비장한 병사를 이길 사람은 아무도 없었다.,0,1
8월의 노천에 배설된 식장은 숨이 막힐 만큼 무덥고 답답하다. ,0,0
견딜 수 없는 죄책감.,1,0
갑작스러운 공장 폐쇄 소문에 노동자들은 사장에 대한 배신감과 분노로 치를 떨었다.,1,0
낡아서 뻐걱대는 나무 계단이 영 불안하다.,0,1
순영이는 배신감에 차여 지금껏 그에게서 받은 편지를 찢어발겨 없앴다.,0,1
인생의 허무와 무상을 오늘같이 느낀 일이 없습니다. ,0,0
대로상에서 나동그라지다니 이 무슨 창피람. ,0,1
나는 이번 일로 그에게 무척 실망했다. ,0,0
김 사장이 그러한 계획을 세웠다는 말이 들리는데 그 언근이 의심스럽다. ,0,1
그녀는 남 앞에 나서는 것이 부끄러운지 옷고름만 만지작거리고 있었다. ,0,1
스크린에 무시무시하게 생긴 유령이 불쑥 나타나자 관객들은 소리를 질렀다. ,1,0
시간이 지날수록 용의자는 초조한 빛을 보였다.,0,1
여름철에 물놀이를 하면 피부는 조금 그으나 무척 재미있다. ,1,1
여자는 함지박의 멍청스러운 얼굴을 우스워 못 견디겠다는 듯이 짓궂게 들여다보며…,0,1
나는 친구가 나를 고발하였다는 배신감에 사로잡혀 잠을 이루지 못하였다. ,0,1
나는 어제 저지른 실수가 무안하여 사람들 앞에 나설 수가 없었다. ,0,0
비가 오니 나가기가 싫다. ,0,1
그들에 대한 원한은 이미 뼈에 사무쳐 있다.,0,1
그는 늦깎이로 공부를 시작하는 것이 창피하다고 했다. ,0,1
가족끼리 가지는 모임은 항상 즐겁다. ,1,1
우울한 심정을 떨치기 위해 배낭을 메고 훌쩍 길을 나섰다.,0,0
탄약과 수류탄 궤짝을 손 가까이 놓아둔 채 전 중대원은 숨소리 하나 없이 적의 공격을 초조하게 기다리고 있다.,0,1
팽이치기에 싫증이 난 아이는 땅바닥에 쭈그리고 앉아서 사금파리로 동그라미를 그리고 있었다.,0,0
친구들 앞에서 아이는 할머니가 부끄러웠다,0,1
그는 죄책감을 못 이겨 스스로 목매달아 죽었다. ,0,1
내가 장난을 심하게 쳐서 동이를 화나게 만들었다,0,1
비장한 결심. ,0,1
오자고 한 사람이 먼저 간다니 화 안 나게 생겼니? ,0,1
이 방은 참 답답하다.,0,0
죄 없는 사람을 치어 죽였다는 죄책감이 그의 마음을 괴롭혔다. ,1,0
그딴 소리는 더 이상 듣기 싫다.,0,1
연이는 성우 선생이 자기의 그처럼 크고 절박한 슬픔을 몰라주는 것이 또한 슬펐다,0,0
올림픽은 그 개최국의 국민을 우쭐하게 만드는 경사다.,1,0
김 군의 어머니인 배경애 씨는 “문잡이가 있는 문도 혼자 열 수 있는 아들이지만 등․하교 때 동반해 주는 친구들이 있어 정말 고맙다.”라며 눈시울을 적셨다.,1,0
그는 말을 더덜거려 답답하다. ,0,0
나는 자취방에 홀로 누워 뚜렷한 목표도 없이 무작정 서울로 상경한 것을 내내 후회하고 있었다. ,0,1
김 선생님의 글은 간경하면서도 재미있다. ,1,1
카페 내부가 너무 유치찬란하게 꾸며져 있어 주인의 미적 감각이 의심스럽다. ,0,1
그 달빛이 너무나 황홀해서 눈을 감았다. ,1,1
간밤에 꿈도 이상하고 해서 어쩌면 오남편이 기차에서 내릴지도 모른다고 갑례는 가슴이 설레기까지 했다.,1,1
그건 꿈같이 허무한 얘기일 뿐이다.,0,0
너는 동생하고 싸우는 것이 창피하지도 않니? ,0,1
눈물을 글썽이면서 종대의 앞을 뛰어 사라지던 영숙의 뒷모습을 종대는 참담한 기분으로 쳐다보았었다.,0,0
생때같은 자식을 잃은 부모의 호곡성은 창자를 끊는 듯 참담하다.,0,0
작년에 씨받아 심은 금송화가 정원에 하나 가득 피어 있는 모습을 보니 뿌듯하다. ,1,1
그녀는 정태가 자기 곁에 없다는 사실을 새삼 깨닫고는 서러워 울음을 터트렸다.,0,1
나는 이번에 그를 누른 것이 그지없이 통쾌하였다.,1,1
참으로 지아비 구실을 못 하여 당신에게 미안한 마음이 늘 앞서는 터에 또 한 가지 어려운 부탁을 해야겠소.,0,1
"오호, 서럽고 슬프다. 사람이 죽고 사는 것은 우주에 밤과 낮이 있음 같고...",0,0
3년 동안 유학을 가려고 그렇게 별렀는데 계획이 무산되니 너무 허무하다. ,0,0
나는 지난번 일로 해서 선생님을 뵙기가 무안스러워서 새해가 한 달이 지났는데도 인사를 드리지 못했다.,0,0
나 그런 속물들 경멸한단 말야. 머리가 비었거든. ,0,1
나는 그의 거만한 행동이 역겨워서 일찍 자리에서 일어났다. ,0,1
시험에 또 떨어질까 봐 무섭다.,0,1
"풀 한 포기, 흙 한줌도 소중스럽고, 스치고 지나가는 바람 한 점도 사랑스럽다.",1,1
사실이 아니라니까 모두 실망하는 눈치이다. ,0,0
나 지금 화났으니까 자꾸 말 시키지 마.,0,1
그러다가 나는 아내에게 이 책을 읽으라고 주었다. 같이 감동하고 감격하기 위해서였다. ,1,1
그는 기회를 깝살려 버린 것을 후회했다. ,0,1
한이 맺히다.,1,0
누군가가 부르는 소리에 놀라 뒤를 돌아보았다.,1,1
아이가 나 때문에 다치게 된 것 같아 나는 심한 죄책감을 느꼈다. ,0,1
이 소식은 전교를 통해…조선인 학생들에게 큰 충격을 주었다. 격분을 불러일으켰다.,1,0
같은 음식을 계속 먹으면 싫증이 난다. ,0,0
너의 다정한 편지를 받고서 나는 마음이 뿌듯하고 기뻤다.,1,1
그녀의 슬픈 얼굴이 내 눈앞에 어른거렸다. ,0,0
나는 너무 피곤해서 어떤 생각도 하기가 귀찮았다.,0,0
주위 사람들은 그의 뛰어난 능력을 시기했다.,1,0
외로운 생활. ,0,0
백화점의 화려한 장식과 황홀한 불빛도 불안과 절망에 떨고 있는 민수 부친 이 도사의 맘은 결국 위로하지 못하였다.,1,1
울다 잠이 든 아기의 새근덕대는 숨소리가 무척 사랑스럽다. ,1,1
내 소설의 주인공이 달에 떨어졌다고만 해도 좀 황당스럽기는 하지만 그럭저럭 이야기를 꾸려 나갈 수는 있다. ,0,1
"궐녀가 달빛인지, 달빛이 절색의 계집으로 응어리졌는지 아슴아슴한 황홀에 빠졌다. ",1,1
층층대를 오르내리려면 다리가 무겁고 무릎이 시큰거려서 매우 괴로웠다.,0,0
너를 이번 일에 끌어들여서 미안하다.,0,1
불행한 사람. ,0,1
본의 아니게 그들과 야합된 처지가 되고 보니 후회스럽다.,0,1
흠칫 놀라다.,1,1
열띤 토론이 진행되는 중에도 그는 덤덤하게 앉아 있기만 했다.,0,0
대원들은 암호가 의외로 쉽게 풀리자 함정이 아닐까 의심하기 시작하였다. ,0,1
우리 마을은 산간 지대에 있어 교통이 불편하다. ,0,1
나는 영어를 줄줄 말하는 소진이 부럽다. ,1,1
춤이 한참 농익어 갈 때 황창랑은 황홀하게 바라다보고 있는 백제 왕의 옆으로 가서 한칼에 백제 왕을 찔렀다. ,1,1
나는 취업이 되지 않아 내내 망설이다 직업소개소에 전화를 걸었다. ,0,0
그녀의 눈물은 나로 하여금 죄책감을 느끼게 했다. ,0,1
동수는 진로 문제로 아버지와 심하게 갈등해서 급기야는 집을 나오게 되었다. ,0,1
재능 있던 젊은 작가가 요절한 것은 참으로 불행한 일이야. ,0,1
판소리의 애절하면서도 구성진 가락은 전 세계의 음악 팬들을 열광시키기에 충분했다. ,1,1
어릴 때 고향을 떠나 외지에서 수십 년을 살다가 부자가 되어 돌아오니 가슴이 뿌듯하다.,1,1
위에서 말한 바와 같이 이 작품에서는 인간의 상실감을 이야기하고 있다.,0,0
양파의 맛이 얼근덜근해서 참 좋다. ,1,1
명민한 호노리야는 북방 이적에게 몸을 맡김이 불행을 의미함을 모를 리 없었을 것이다. ,0,1
임명빈은 명희가 한마디의 의논도 없이 그런 일을 감행한 데 대하여 괘씸하다는 생각을 했고 또 그런 거금을 어떻게 만들었는가 그것도 궁금했다.,0,1
우리에게는 한마디의 의논도 없이 혼자서 일을 처리해 버린 동현이에 대한 배신감은 말로 표현할 수 없을 정도였다.,0,1
갑작스러운 공장 폐쇄 소문에 노동자들은 사장에 대한 배신감과 분노로 치를 떨었다. ,0,1
나쁜 짓 할 생각은 추호도 없으니 떨 거 없다는 생각이 들었다. 그리고 자신의 그 정도의 잔혹성에 잠시 우쭐했다.,1,0
지금까지 성심성의껏 일해 왔다고 생각한 직장에서 해고를 당하니 배신감이 든다.,0,1
지금의 나는 남기 수준의 유머도 재미있다. 이런 때 남기는 귀엽다. ,1,1
그 차를 나에게 준다니 대단히 고맙다.,1,0
전봉준은 그냥 덤덤하게 서서 서장옥을 건너다보고 있었다.,0,0
분쟁 지역에 평화가 찾아들다.,1,0
이런 작은 일로 상을 받기가 낯간지럽습니다.,1,0
우리 팀은 내내 고전하다가 통쾌한 역전승을 거두었다.,1,1
방에 돌아와서도 그는 불을 켜기를 망설였다. ,0,0
곽 첨지의 춤은 만장의 박수갈채를 받고 그만큼 놀이꾼들을 열광에 뛰놀게 했다. ,1,1
나는 친구가 나를 고발하였다는 배신감에 사로잡혀 잠을 이루지 못하였다. ,1,0
목소리에 반하다. ,1,1
그 노래는 언제 들어도 좋다. ,1,1
제소리를 내지 못하고 우물쭈물 망설이다. ,0,0
아이가 장난감을 사 달라고 떼를 쓰며 귀찮게 군다.,0,0
영희의 가슴에는 기대감과 죄책감이 교차하고 있었다. ,0,1
한강보다도 작고 초라한 센 강의 모습에 나는 적잖이 실망하였다. ,0,0
그는 의심이 많아 이웃 사람도 잘 믿지 못한다,1,0
그녀를 처음 보았을 때 나는 그녀의 흰 귀에 반해 버렸을 만큼 미스 윤은 사랑스러운 귀를 가지고 있었다.,1,1
내일모레로 채련이가 찾아오면 어쩔꼬? 중목소시에 그것은 더 창피한 노릇이다.,0,1
시민들은…‘대상을 가리지 않고 저지르는 분풀이성 범죄가 너무 확산되는 것 같아 불안하다.’고 말했다.,0,1
사모하는 그녀의 집 앞으로 지나오는 내 마음은 기쁘다. ,1,1
그대가 목숨을 아끼지 않고 이렇듯 과인을 지켜 주니 어찌 고맙다 하지 않으리오.,1,0
시험을 망쳐서 기분이 몹시 우울하다. ,0,0
수석을 못했다니 다소간 실망스럽다. ,0,0
그의 눈가에 후회하는 빛이 비껴가는 것을 나는 보았다. ,0,1
인간이 인간의 생을 폭력으로 뒤바꿔 놓는 일을 저는 가장 증오하고 있습니다.,0,1
민수는 오늘 약속을 못 지킨 것이 너무 속상했다. ,0,1
첫눈에 반하다. ,1,1
오랜만에 친구의 얼굴을 보니 반갑다. ,1,1
"있는 자와 없는 자, 이 적대적인 위치의 두 계급은 필연적으로 반목하고 갈등한다.",0,1
경신은 그까짓 일쯤 우습다는 듯이 신신치 않게 대답하였다. ,0,1
그녀는 초조한 듯 손톱을 잘근잘근 씹었다. ,0,1
누가 보기에도 창피하리만큼 윤 초시의 입과 눈가장엔 비굴한 표정이 떠돌고…,0,1
돈을 벌어 오겠다고 큰소리를 쳐 놓고 빈손으로 집에 들어가기가 무안하다. ,0,0
젊은 애들이 듣는데 실토를 하기란 낯간지럽다는 것인지?,1,0
워낙 바람이 센 자리라 늘 불안하다. ,0,1
"주는 것은 고맙다. 그러나 사람을 업신여겨도 분수가 있지. 내가 이런 것을 먹기는 처음이나, 설마 구경이야 못하였겠느냐. ",1,0
"지금은 성인이 되었으나 양현에 대해서는 다 안다고 생각했던 자신이 어처구니없게도 생각된다. 쓸쓸함, 배신감 같은 것도 있었다.",1,0
깊숙하고 움푹한 골짜기는 무섭다.,0,1
이웃 나라 사람들로 하여금 불만을 가지게 하였으니 이것은 실상 대왕의 큰 수치다. ,1,0
수빈이가 나보다 예쁘거나 나보다 똑똑한 여자와 사귀는 걸 샘내는 기분이 강했다.4,0,1
그 여자는 자기 얼굴에 열등감을 갖고 있다. ,0,1
그 소설은 결말이 무척 슬프다. ,0,0
동해의 해돋이는 절로 감탄이 나올 만큼 장관이었다.,1,1
성격 차이로 결별하는 부부를 보면 안타깝다. ,0,0
우애와 의리 사이에서 갈등하다.,0,1
이 이야기가 우스갯말이 아니라 실화라는 것이 더욱 우습다. ,0,1
아이가 음식물 쓰레기 봉투를 터트리는 바람에 역겨운 냄새가 온 집안에 진동했다.,0,1
여러 번 부탁을 한 처지라 또다시 부탁을 하기가 그에게 미안하다. ,0,1
일을 하다가 시장해진 사람이 우거짓국에 밥 한술 말아 먹는 순간 혀끝에 느껴지는 것은 바로 황홀한 행복감이다. ,1,1
그녀는 초조한 듯이 자꾸 시계를 들여다보고 있었다. ,0,1
나는 이렇게 젊은 나이에 죽기가 억울하다.,0,1
고선사탑은 감은사탑과는 또 다른 웅혼한 멋이 있기에 이날 한밤중의 답사는 참으로 황홀한 것이었다.,1,1
"지나간 반평생을 돌이켜 본다면 나는 참으로 억울하고, 뭐 하나 내가 내 마음대로 해본 일이 없구려.",0,1
반 아이들 대부분이 재주 많은 그 아이를 시기했다. ,1,0
그들은 행복하고 다정한 가정을 꾸려 나갔다. ,1,1
나는 몸이 아파서 만사가 다 귀찮다.,0,0
나는 부모님께 형편없는 성적표를 보여 드리기가 창피하여 얼굴을 들 수 없었다. ,0,1
그는 군복을 입은 후 단 한 번도 꿈을 꾸지 못했었다. 그만큼 단 하루도 마음이 편안하지가 못했다.,1,0
오리정은 춘향이가 이 도령과 구곡간장이 녹아내리는 듯이 애끓는 이별을 나눈 곳이다.,1,0
우유부단한 나로서는 무엇이든지 시원시원히 해내는 네가 부럽다. ,1,1
조약돌 잠방이는 소리가 듣기에 참 좋다. ,1,1
사람들을 괴롭히고 있다는 죄책감이 어깨를 짓눌러 왔다. ,0,1
가게에 널려 있는 기념품들은 차마 보기가 괴롭도록 저속한 것들뿐이었다.,0,0
성경 책을 정성스레 옆에 끼고 자기 구 교회로 가는 그런 일요일의 인간이라면 그는 행복하다.,1,1
동해 바다를 코앞에 두고 여기서 발길을 돌려야 하는 것이 아쉽다. ,0,0
아이들은 자신들의 경솔한 행동을 후회하였다. ,0,1
마음이 심란하여 일이 손에 안 잡힌다.,0,1
이 꽃은 화려하기는 하지만 화기가 너무 짧아서 아쉽다.,0,0
상대가 무작정 만만히만 볼 수도 없는 놈이라서 다소간 초조하기도 한 모양이다. ,0,1
어린애의 잠자는 얼굴은 고요하고 평화롭다.,1,0
요즘은 논문이 잘 안 쓰여서 괴롭다.,0,0
결전장에 나서는 용사들의 비장한 각오. ,0,1
친구 집에 더부살이하는 신세가 너무 서럽다. ,0,1
유미의 황당한 말에 어머니는 어이가 없다는 듯 웃었다. ,0,1
초대 가수의 정열적 노래로 관객들은 열광했다. ,1,1
지금 깊은 슬픔에 빠져 있을 친구를 생각하니 내 마음도 괴롭다.,0,0
자식을 잃은 부모들이 오늘도 애끓는 마음으로 마을 이곳저곳을 찾아다니고 있다.,1,0
"박 씨 아주머니는 벌거벗고 불춤을 추고 있었다. 꿈속이었지만 너무나 행복하게 보여서 종세는 정답게 아주머니, 하고 불러 보았다. ",1,1
아이가 나 때문에 다치게 된 것 같아 나는 심한 죄책감을 느꼈다.,1,0
좋은 기회가 왔는데 작은 실수로 실기하다니 원통하다. ,1,0
"가끔씩 두 사람이 밀담하는 것을 보곤 하는데, 그들의 정체가 의심스럽다.",0,1
이렇게 말을 붙이면서도 덕기가 알고 싶어 하는 것을 모른 척하고 속이는 것이 미안하였다. ,0,1
갓난아이가 하품을 하면서 꼼틀거리는 모습이 사랑스럽다. ,1,1
사무원은 기겁을 먹고 얼른 뒤로 물러선다.,1,0
연주자가 눈을 내리감으면서 활을 긋기 시작하자 황홀한 음악의 세계가 펼쳐졌다. ,1,1
사람들은 그의 뛰어난 외모와 재능을 시기했다. ,1,0
본을 보인다는 마음은 어딘지 내가 남보다 앞섰다는 자만심에 사로잡히기 쉽다.,1,0
"처음에 내가 가장 야심을 부린 곳도 이 부분이었는데, 결과는 솔직히 부끄럽다. ",0,1
스크린에 무시무시하게 생긴 유령이 불쑥 나타나자 관객들은 소리를 질렀다. ,1,0
선생님은 얼굴 가득 만족한 웃음을 띠셨다.,1,0
힘이 없어서 걷기도 귀찮다.,0,0
"원통하다, 그 사또 놈을 단칼에 죽이지 못하고 말다니. 그놈 명수가 질긴 거다. ",1,0
사람들은 김 씨의 지극한 효성에 감동하여 입이 마르도록 그를 칭송하였다. ,1,1
나는 현정이에 대한 사랑과 미움의 이심 때문에 괴롭다.,0,0
까무러치게 놀라다. ,1,1
지금의 생활이 만족하다고 생각하다. ,1,0
연기자들의 쫑파티가 텔레비전 드라마만큼이나 재미있다.,1,1
상수는 걸어 다니면서 침을 퉤퉤거려 같이 다니기에 부끄럽다. ,0,1
매일 꾸역꾸역 밥을 먹는 일도 이제는 지겹다.,0,0
바람 소리가 귀곡성처럼 무시무시하게 들려온다.,1,0
옛날 자신이 몸담아 있던 중대 기지를 보자 코허리가 찡하게 반가웠다.,1,1
여러 사람 앞에서 무안을 당하자 얼굴이 화끈화끈하게 달아올랐다.,0,0
조금만 더 넓게 생각하자면 모두가 한 핏줄이건만 좀스레 내 몸만 챙기는 꼴이 우습다. ,0,1
"자네가 받으라니 받지만, 면목 없고 미안하네. ",0,1
원래 내가 적었던 답에 이만 더했으면 그 문제를 맞혔을 텐데 무척 아쉽다. ,0,0
외국에서 자국인을 만나면 매우 반갑다. ,1,1
할머니는 편안하게 임종을 하셨다. ,1,0
규리의 탁월한 익살과 개그 덕분에 우리의 모임은 언제나 즐겁다. ,1,1
낯선 이국에서는 고향이 늘 그립다. ,1,0
손칠만은 작대기를 허공에 휘둘러 대며 만족하게 웃었다. ,1,0
그녀는 함께 있는 사람의 마음을 편안하게 만드는 재주가 있다. ,1,0
OO는 시청자가 보내온 재미있고 황당한 사연을 재연 드라마 형식으로 만들었다.,0,1
화가 나서 어쩔 줄을 모르다. ,0,1
"서울랜드는 오후 8시 분수 무대에서 불꽃놀이와 레이저쇼가 결합한 멀티 이펙트 쇼로, 에버랜드는 오후 8시 은은한 달빛을 조명 삼아 동화 속 주인공들이 펼치는 ‘문라이트 퍼레이드’로 아이들의 눈을 황홀하게 만든다.",1,1
준호는 워낙 비장해서 복잡한 길거리에서도 금방 찾을 수 있다.,0,1
지나간 50년을 곰곰 반추하여 보니 후회되는 일이 허다하다. ,0,1
사람들은 마술사의 신기한 묘기에 감탄했다. ,1,1
시험에 또 떨어지다니 창피가 막심이다.,0,1
적이 쳐들어올까 봐 무섭다.,0,1
의수는 무뚝뚝한 겉모습과는 달리 속 깊고 정 많은 명희에게 감탄하였다.,1,1
날씨가 쌀쌀해지니 다향이 그립다. ,1,0
그의 통쾌한 득점포로 부진에 빠졌던 팀이 승리를 할 수 있었다. ,1,1
그의 증오에 찬 눈이 희번덕이었다. ,0,1
나는 해 볼 도리 없이 지독히 무안을 당해야 했다. ,0,0
몽환경에서나 가능한 황당한 생각.,0,1
그는 매우 불안하고 초조하였으나 아내를 근심시키지 않으려고 사색조차 보이지 않았다. ,0,1
비 오는 날은 대체로 기분이 우울하게 느껴진다.,0,0
우리는 결국 그녀의 말을 막지 못해 창피를 당하고 말았다. ,0,1
이제나저제나 감옥으로 끌려갈 것이라는 불안과 초조로 그는 미칠 것 같았었다. ,0,1
뱅골댁이 어떤 배신감 같은 것을 느끼며 한바탕 대거리를 벌일 것처럼 소리를 질러 댔다.,0,1
500원짜리 동전으로 돼지 저금통을 가득 채웠더니 가슴이 뿌듯하다.,1,1
대불이는 우울하게 가라앉은 목소리로 말했다. ,0,0
사람은 앞을 내다보며 산다. 괴로울 때에도 앞에 닥쳐 올 괴로움까지 내다보기 때문에 더 괴롭다.,0,0
그 언덕에서 꽃반지 끼고 놀던 때가 그립다. ,1,0
그는 언제나 자기가 어리석고 못났다는 열등감에 빠져 있는 듯했다. ,1,0
그는 “40여 년간 ‘글밥’을 먹고 있는데도 여전히 작가로서 스스로 열등감을 갖고 있다.”라며 “하지만 독자들의 사랑을 받았다는 생각에 지금 떠난다 하더라도 행복하다.”라고 덧붙였다. ,1,1
자기가 먼저 참을 수 없는 모욕과 기생충의 생활을 포기한 것이 통쾌하기도 하면서도 한편으로는 앞으로 살아갈 길이 막막하였다.,1,1
그는 스승이 너무나 자랑스럽다. 그런 사람을 스승으로 모실 수 있는 것이 너무나 영광스럽고 기쁘다.,1,1
김 선생님의 수업은 쉽고 재미있다. ,1,1
"민호는 딸의 치료비를 장만해야 되겠는데, 손님도 없고 해서 가뜩이나 심란한 터에, 시시껄렁한 놈들이 초로의 단장에게 욕을 하자 더 이상 참을 수가 없었다.",0,1
사람들은 그의 뛰어난 외모와 재능을 시기했다. ,1,0
그는 구두닦이와 값싼 선술집과 농사꾼과도 잘 지내는 편이었지만 속으로는 무력한 민중을 경멸했다.,0,1
"라디오를 듣자니 자꾸 지직거리고, 늘 같은 테이프를 듣는 것도 지겹다. ",0,0
새참을 이고 오는 어머니의 모습이 정겹다. ,1,1
그녀는 무엇을 먹을까 결정하지 못해 망설였다. ,0,0
화를 내며 그릇을 드던지다. ,0,1
아내가 쫓아온다면 모양만 창피하리라. ,0,1
민수 씨가 너무 잘나 보여서 열등감에 빠져 그런대요. ,1,0
미구에 그들에게 덮칠 불행이 눈앞에 빤히 보였다. ,0,1
비록 초가삼간일지라도 온 가족이 모여 사니 행복하다.,1,1
한량없이 슬프다. ,0,0
그는 그 말을 듣자 화가 나서 적면하여 대들었다. ,0,1
그 얼굴은 내 마음을 사로잡고 설레게 했던 옛날의 그 지순한 흰 얼굴이 아니었다. ,1,1
나는 기운 세고 마음 착한 상필이와 헤어지기가 싫었다. 상필이도 나와 헤어지기가 아쉬운 모양이었다.,0,0
그는 뭔가 의심스러운지 연방 고개를 갸우뚱갸우뚱 기울인다.,0,1
무리한 계율을 지켜 가며 처첩을 허락지 않는 현교보다도 대담무쌍하게 애욕으로 열반의 경계를 찾는 라마교의 태도가 통쾌했다. ,1,1
네가 이번 대회에서 대통령상을 받다니 정말 자랑스럽다.,1,1
주위 사람들은 그의 뛰어난 능력을 시기했다.,1,0
"지금은 성인이 되었으나 양현에 대해서는 다 안다고 생각했던 자신이 어처구니없게도 생각된다. 쓸쓸함, 배신감 같은 것도 있었다.",1,0
그들이 언왕설래하는 꼴이 너무 보기 싫다.,0,1
관객들은 그의 기타 연주에 미친듯이 열광했다. ,1,1
친구에게 또 무슨 일이 일어날까 무섭다.,0,1
모름지기 사람은 오체가 건강해야 행복하다. ,1,1
환멸과 배신감을 느꼈지만 정면으로 대립해 봤댔자 자기만 손해라는 걸 경험으로 알고 있었다.,1,0
단풍의 아름다움에 반하다.,1,1
"잘 먹고 잘 입고 권세 부리고 호강만 하면, 인생 지상의 행복을 누리는 것이라고 생각하여, 그것으로 만족하고, 그것을 유일한 인생의 목적으로 여긴다.",1,0
박봉에 시달리는 말단 사원 신세이지만 마음만은 행복하다.,1,1
인수는 세상이 새삼 허무하게 느껴졌다. ,0,0
나는 네 쌍까풀이 부럽다.,1,1
양식거리를 얻으려다가 무안만 당했다. ,0,0
"사람들은 주인에게 판돈을 대고, 경기 결과를 초조하게 지켜보았다.",0,1
민수 씨가 너무 잘나 보여서 열등감에 빠져 그런대요. ,0,1
화가 난 친구는 아무 말 없이 혼자 가 버렸다.,0,1
젊은 애들이 듣는데 실토를 하기란 낯간지럽다는 것인지?,1,0
오랜만에 고기를 실컷 먹었더니 창자가 놀랐는지 배가 아프다. ,1,1
나는 어미 몰래 그런 녀석과 약혼한 너의 소행이 괘씸할 뿐이다.,0,1
상희는 이런 생각이 들자 제풀로 무안을 타서 점점 얼굴이 빨개졌다. ,0,0
통분이 뼈에 사무치다 ,0,1
소풍은 언제나 즐겁다.,1,1
그 사람의 행운을 시기해서는 안 된다.,1,0
순식간에 가족을 잃은 선배는 살아가는 것이 허무하다며 세속을 버리고 출가하였다. ,0,0
외인도 모두 일이 이미 불행하다고 생각하여 궐하에 부곡하기 위해 오는 자가 잇달았다. ,0,1
나는 밖에까지 나가지 않고 낯간지럽고 민망한 생각이 들어 일방에서 내다보기만 하였다. ,1,0
그는 자신이 기자였다는 것이 부끄러웠다. ,0,1
태풍이 휩쓸고 간 마을의 모습은 정말 참담했다.,0,0
머리 꼭대기까지 화가 치밀다. ,0,1
어느 나라에도 대입 성적에 따라 고등학교를 줄 세우겠다는 황당한 고교 등급 제도는 없다.,0,1
그녀는 약속 시간에 늦을까 봐 조바심을 냈다. ,1,0
반 아이들 대부분이 재주 많은 그 아이를 시기했다. ,1,0
나는 크게 앓고 난 후에 하루하루가 즐겁다. ,1,1
그들이 아무리 나를 쑤시개질하더라도 나는 아무런 죄책감을 느끼지 않는다. ,0,1
황당한 표정으로 자신의 홈런에 숨어 있는 엑스파일을 공개한 이승엽은……,0,1
그는 많은 사람들 앞에 서자 주눅든 모습을 보이기 시작했다. ,0,0
억울하게 갇혀 있는 죄인들. ,0,1
나는 그의 말을 듣고 열등감에 사로잡히지 않을 수 없었다.,1,0
뒷귀가 먹은 사람처럼 못 알아들으니 답답하다. ,0,0
나는 당신의 따뜻한 배려가 정말로 고마워. ,1,0
그가 그녀에게 한 말은 스스로 생각해도 낯간지러운 소리였다. ,1,0
나는 비만 오면 기분이 우울하다. ,0,0
급브레이크 소리에 놀라다. ,1,1
액션과 멜로로 범벅된 형사물 가운데 머리를 쓰는 추리에 포인트를 둔 형사물이 반갑다. ,1,1
그 인간하고는 상대도 하기 싫다.,0,1
농촌 계몽에 젊음을 바치고자 했던 젊은이들은 정부의 실책에 큰 배신감을 느꼈다.,1,0
부상자들의 걸음은 지지부진했다. 금시에라도 국군이 뒤따라 올 것 같아 초조하고 불안했다. ,0,1
죄 없는 사람을 치어 죽였다는 죄책감이 그의 마음을 괴롭혔다. ,1,0
당장의 목표를 이루었다 해서 자만심에 빠지지 말고 더욱더 노력하자. ,1,0
언제부터인지 그녀에 대한 애틋한 그리움은 한과 서러움이 되어 마음 한구석으로 까닭 모를 허전함을 느끼게 한다. ,1,1
그 영화는 참 재미있다.,1,1
"지금 우리나라에 전쟁이 났다고 생각해 보자. 과연 우리 사회는 어떠한 변화를 겪게 될 것이며, 우리의 삶과 주변 환경은 어떻게 참혹하게 파괴될 것인가?…오늘날 우리 사회에서 전쟁을 상상할 때 그 파괴감과 상실감의 정도는 너무도 끔찍한 것이다. ",0,0
밤이 깊지 아니했으면 잠긴 안대문을 두드려 주인 노인에게라도 물을 청하겠지만 이 깊은 밤에 그리하기도 미안하다.,0,1
물 탄 것처럼 덤덤하고 싱거워서는 그야말로 먹었던 것도 구역이 나서 도로 넘어올 지경이었다. ,0,0
그의 이야기는 어느 만큼이 진실인지가 의심스럽다. ,0,1
"바쁨 공화국 경쟁 특별시에 살면서도 초연하게 여유로움을 잃지 않으며, 주변 곳곳에 최선을 다해 시선을 맞추는 초록빛 웃음을 가진 사람이 그립다.",1,0
글씨가 굵고 시원시원한 게 보기 좋다. ,1,1
유명 가수가 은퇴한 지 십 년 만에 복귀한다는 소식에 그의 소싯적 팬들은 매우 열광했다. ,1,1
나는 그 사람에게 눈물을 보인 것이 무척 창피했다.,0,1
이 산은 빼어난 경치를 자랑하고 있다. ,1,1
이번 달에는 카드를 너무 긁어서 청구서 보기가 무섭다. ,0,1
우리는 모두 눈앞에 펼쳐진 풍경에 너무나 감탄하여 할말도 잊고 있었다.,1,1
미윤은 검진 결과가 나올 때까지 마음이 심란해서 아무것도 할 수가 없었다.,0,1
나는 어느새 진호를 시기하고 있었다.,1,0
참고 있던 방귀가 잇따라 뽕뽕거리는 통에 창피해서 혼났다. ,0,1
단순한 충격이라기보다 그것은 일종의 감동이었다. ,1,1
정순은 다섯 해란 긴 세월을 그 무서운 여인 아래서 견디어 나온 침모의 인내력에 감탄하는 것이다.,1,1
그는 오랜만에 만난 친구를 보고도 덤덤한 표정이었다.,0,0
"뭐 그럴 생각은 아닌 것 같고, 다만 두고두고 마을의 수치가 될 테니까 사전에 예방하겠다나.",1,0
다른 농군들은 죄인처럼 참담하게 고개를 떨군 채 말없이 서 있기만 했다. ,0,0
그네들의 형색 또한 여느 피난민 이상으로 참담했지만…,0,0
내가 그 참담한 형상 중에도 목숨을 버리지 않고 살아남은 것은 오로지 종부였기 때문이었느니라.,0,0
남과 같이 부모에게 효도는 못할망정 그들의 말년에 누명까지 씌운 것이 원통하다.,1,0
엄마 젖을 빠느라 오물거리는 아이의 입을 보면 온갖 시름이 사라지고 편안한 마음이 된다. ,1,0
"그는 당폐에 대한 거부감 때문에, 지방 행정에 대한 정당의 개입을 반대한다. ",0,1
그는 대수롭지 않은 일에도 화를 퍼르르 냈다. ,0,1
"명선이는 무엇 하나 입에 넣고 싶지는 않았으나, 지성껏 권하는 정구의 친절이 고마워서 가끔 저를 들었다 놓곤 하였다. ",1,0
한을 품다.,1,0
술과 안주가 풍성하고 게다가 정겨운 이야기가 있는 자리는 생각만 해도 즐겁다. ,1,1
정선은 마침내 인력거를 보내고 걸어서 이 집 저 집 문패를 뒤지기 시작하였다. 그 꼴이 심히 창피하였으나 그것을 가릴 여유가 없다.,0,1
자식의 도리를 다하지 못하는 것이 늘 부끄럽다. ,0,1
이들이 최 참판 댁에 도착했을 때 조바심을 내며 기다릴 줄 믿었던 최치수는 의외로 냉담했다. ,1,0
월커덕 토하고 나자 속이 조금은 편안해졌다.,1,0
싫으면 내쫓아 버리면 고만일 걸 가지고 저렇게 요란떨이를 하는 모습이 우습다.,0,1
조그마한 실수에서 초래된 사고는 많은 후회를 남긴다.,0,1
난 중국 음식은 느끼해서 싫다. ,0,1
수풀에 스치는 바람 소리가 정겹다. ,1,1
사람들은 믿었던 그가 자신들을 속인 게 못내 괘씸한 모양이었다.,0,1
자식 놈이 못된 일만 저질러서 동네 사람들 보기가 부끄럽다.,0,1
죄 없는 너를 나수해 잡아 올린 것이 미안하다. ,0,1
도전자의 두 눈은 비장한 결의로 이글거린다. ,0,1
배가 고프니 꼼짝도 하기 싫다. ,0,1
동생은 대학 진학을 앞두고 어느 학과를 가야 할지 갈등하고 있다. ,0,1
세계 평화의 대의를 극명하다. ,1,0
이곳은 주변 경치가 매우 아름다운데 특히 가을에 만나는 단풍은 황홀한 풍경을 만들어 낸다.,1,1
라일락은 꽃이 예쁠뿐더러 향기도 좋다. ,1,1
그녀는 군인이신 아버지를 늘 자랑스럽게 여겼다.,1,1
사람들은 그의 뛰어난 외모와 재능을 시기했다. ,1,0
주위 사람들은 그의 뛰어난 능력을 시기했다.,1,0
문어구에서 망설이다. ,0,0
"선생은 그것을 바라보고 만족한 듯이 수염을 쓸면서, 돌아앉아서 책상을 향하여 좌씨전(佐氏傳)을 폈다.",1,0
그는 참담한 심정을 디디고 다시 일어서면서 구겨진 완장의 권위를 되찾을 방도를 곰곰 연구해 보았다.,0,0
등짐으로 두 사람 몫인 그 무거운 책궤 둘을 수륙 이천 리 물 밖에 가져갔다 가져올 지경으로 황당한 사람이 어디 있겠는가. ,0,1
아무 잘못도 없는 김 서방이 억울하게 옥살이를 하게 생겼다. ,0,1
많은 양의 신문지가 재활용되지 않고 소각되는 것이 안타깝다.,0,0
주인에게 갖은 학대와 부림을 받던 노예들의 생활은 말할 수 없이 비참했다.,0,1
올겨울은 우리 스키장에서 황홀한 눈세계를 경험해 보시지 않겠습니까? ,1,1
나는 그의 진심 어린 고백에 감동하여 결혼을 결심하였다. ,1,1
담소하고 있는 두 사람의 모습이 매우 정겨워 보였다.,1,1
이런 사소한 일에 시간을 빼앗기다니 안타깝다. ,0,0
주눅이 들다.,0,0
이가 빠득빠득하게 갈릴 정도로 싫다.,0,1
혈색이 좋다. ,1,1
폭도의 난입에 놀라다.,1,1
아이의 잠자는 얼굴은 고요하고 평화롭다.,1,0
단칸방에서 살망정 식구끼리 도란도란 재미있게 이야기를 나누며 사는 집이 나는 부럽다.,1,1
극적인 동점골이 터지자 관중들은 더욱 열광되었다. ,1,1
그는 다리를 쩔룩대는 불구의 몸인데도 절망하지 않고 열심히 산다.,0,0
너무 많이 누워 있어서 이젠 침대가 지겨울 정도예요. ,0,0
내한 공연에서 보여 준 그의 원숙한 연주력은 관객을 열광의 도가니에 몰아넣기에 충분했다. ,1,1
나는 의무병에게 진정제를 달라고 해서 두 알을 먹었지만 무시무시한 환상들은 머릿속에서 얼른 사라지지를 않았다.,1,0
그의 태도는 마치 나를 우습게 생각하는 것 같아서 기분이 나빠. ,0,1
장마철이라 그런지 어둑한 하늘처럼 기분도 무척 우울하다. ,0,0
남 보기 창피하다고 두덜거리다. ,0,1
"뭐 그럴 생각은 아닌 것 같고, 다만 두고두고 마을의 수치가 될 테니까 사전에 예방하겠다나.",1,0
타향살이하는 내 처지가 서럽기 그지없다.,0,1
젊음도 한때니 후회 없이 잘 살아라.,0,1
이 같은 보도가 진실을 밝히는 데 왜 필요한지 모르겠지만 정말 저질스럽고 아이들 보기가 부끄럽다.,0,1
가슴이 뿌듯하다. ,1,1
모처럼 애인과 영화를 보러 왔는데 영화표가 모두 매진되고 없어서 동진은 실망하고 말았다.,0,0
어린 풋대추는 연둣빛 푸른 뺨에 부끄러운 듯 두세 점 단풍을 물들였다.,0,1
파일을 휴지통에 버리겠냐고 물어 보는 창이 뜨자 시우는 잠시 망설이다 엔터키를 눌러 파일을 삭제했다.,0,0
피로로 찌든 아내의 눈자위가 말보다 진한 절망을 담고 있었다.,0,0
그는 무안해서 얼굴이 주톳빛이 되었다.,0,0
"평양성을 사수하자고 강력히 주장하는 윤두수의 말을 듣자, 임금 선조의 얼굴은 참담하도록 창백해진다.",0,0
집 문제로 민만하여 약혼녀와 다투는 것이 속상하다. ,0,1
버스의 뒷바퀴 위에 있는 자리는 불편하다. ,0,1
무한량 기쁘다. ,1,1
우울하고 불길한 느낌. ,0,0
예나 지금이나 고향은 내게 어머니의 품처럼 따스하고 정겹다. ,1,1
비가 부슬부슬 오는 밤이면 마음이 허무해진다.,0,0
화가 나서 속이 뒤집힐 지경이다. ,0,1
두 남녀의 애틋한 사랑.,1,1
진희는 외로워서 진종일 눈물로만 세월을 보냈다.,0,0
전 우연히도 그의 시집을 읽고 그의 비장한 노호에 가슴을 떨곤 했어요.,0,1
사랑의 미소가 훈훈히 감돌다.,1,1
인생의 허무함과 사랑의 영원함을 대비시킨 것도 무리가 아닌 것이다. ,0,0
물질문명이 발달하면서 사람들의 인심이 고약히 변하여 안타깝다.,0,0
그녀에게 사소한 일로 화를 낸 것이 후회되었다. ,0,1
파리 쫓는 일에 싫증이 난 나는 쇠비름 풀을 뽑아 풀각시를 만들어 물에 띄우고 냇물에 발을 담갔다.,0,0
도로 확장과 함께 이들 가로물들을 채 이전하지 못했기 때문이겠지만 조속한 대책이 아쉽다.,0,0
그는 일을 시작한 지 석 달쯤 해서 싫증을 내기 시작했다. ,0,0
하늘의 별을 대중으로 삼아 길을 걷던 시절이 그립다.,1,0
그에게 두 번 모두 패하자 약오르기는 했으나 승복하지 않을 수 없었다. ,0,1
이 영화는 엽기 커플의 황당한 사랑을 그린 영국 로맨틱 코미디다. ,0,1
그는 의심이 가득한 눈으로 나를 쳐다봤다. ,1,0
들이켜는 숨결과 함께 기막힌 참담이 납 가루처럼 가슴속으로 쏟아져 들어왔다.,0,0
그는 무슨 일이든지 조금 하다가 금세 싫증을 내는 버릇이 있다. ,0,0
야마구치의 속임수에 격분한 소작인들은 다음 날 다시 재판소로 몰려갔다. ,1,0
그는 속으로는 죄책감을 느꼈지만 태연스레 거짓말을 했다. ,0,1
친구와 보내는 시간은 즐겁다. ,1,1
그는 초보 운전 시절 저질렀던 황당한 실수를 털어놓았다.,0,1
"아아, 망인이 다시는 돌아올 수 없는 세상으로 떠나간 것을 절감하여 애곡하니 슬프다. ",0,0
거센 바람만이 거리와 골목을 설레면서 먼지를 뿌리고 있다. ,1,1
현숙은 우아하고 섬세한 몸매와 세련된 장신구가 황홀하게 조화를 이루는 나체화를 그리고 싶어했다.,1,1
그 여자는 뱀이 숲에서 기어 나오는 바람에 기겁을 하였다.,1,0
이제 류저우와 소주를 순행하는 나머지 요동에서 이자를 문죄하고자 하니 지나는 곳마다 수고로움을 괴롭다 말라.,0,0
동민이는 자신의 이름을 그녀가 기억하는 것에 무척 만족한 모양이었다. ,1,0
병호는 그렇게 대꾸를 하면서 노인의 기억력에 감탄하고 있었다. ,1,1
하상은 일찍이 그토록 절망에 잠긴 어두운 얼굴을 본 일이 없었다. ,0,0
오늘은 웬일인지 술맛이 덤덤하다. ,0,0
영애는 무대 뒤쪽의 대기실에서 자기 순서를 초조하게 기다렸다. ,0,1
정치가들이 정치를 잘해야 국민들이 편안하다. ,1,0
김 일병은 초조한 나머지 주위에 있는 마른 잎사귀를 쉴 새 없이 뽀스락거리고 있었다. ,0,1
"좌우간 보통 학생이 아니요. 엥이, 내 맘이 다 통쾌하다. ",1,1
나라님이라는 사람을 머릿속에 그려 보면서 궁궐은 보이지도 않는 바깥문만 황홀하여 바라다보고 있었다.,1,1
불에 타 버린 마을은 어둠처럼 참담하게 가라앉아 있었다. ,0,0
네가 잘못을 깨우쳤다면 나는 그것으로 만족해.,1,0
고향 친구들과 함께하는 귀향길은 언제나 즐겁다. ,1,1
비가 오면 소풍을 못 갈까 봐 건몸을 다는 아이들의 모습이 재미있다. ,1,1
"울창한 산림, 야자수 밑에 앉은 나체의 만인을 생각하고 통쾌한 듯이 어깨를 으쓱하여 보았다.",1,1
나는 군대에 있을 때 나를 집요하게 괴롭히던 선임을 무척 증오했다. ,0,1
아이는 야단맞은 게 서럽고 슬픈지 소리 내어 울었다.,0,0
개와 고양이처럼 아옹다옹하던 두 사람이 연애를 한다고 하니 참 재미있다. ,1,1
"오 선생은 힘을 들여 말을 했던 것이나, 듣는 사람들은 덤덤하였다.",0,0
내 이름 석 자가 이런 일로 더러워지다니 너무 부끄럽다.,0,1
그녀는 모멸에 찬 말을 듣고 격분을 누르지 못했다. ,1,0
훈련원의 동료들은 모두들 통쾌하게 생각하고 이 봉사의 강직한 행동에 혀를 둘러 찬탄했다,1,1
너무도 옹골지고 황홀하고 꿈이어서 깨어질까 싶게 가슴 가득히 한 아름 뻑적지근한 기분을 도무지 혼자는 어떻게 주체할 길이 없었다. ,1,1
대학에 진학할 때도 어느 과를 전공하느냐란 숙제로 한동안 혼자서 망설이다…,0,0
심란한 얼굴을 하다.,0,1
진급 심사에서 누락된 남편은 속상하여 술을 마셔 댔다. ,0,1
허리띠가 허리를 윽죄어 답답하다.,0,0
내가 제일 좋아하던 시트콤이었는데 2주 후면 종영된다고 하니 아쉽다. ,0,0
우황청심환은 약미가 강해서 씹어 먹는 것이 괴롭다.,0,0
이 우스운 꼴을 너에게 보인 내가 너무 한심하다. ,0,1
혁명의 한길에 몸 바쳐 온 자긍자부가 가슴 뿌듯하다.,1,1
누명을 쓴 것이 너무 억울해서 잠을 잘 수가 없다. ,0,1
남달리 믿었던 여자였기 때문에 배신을 당하자 그토록 격분했던 것인지도 모른다. ,1,0
나는 아무리 허탈하고 속절없는 배신감이 끓어오르더라도 참아 내야 하겠다고 생각했다. ,0,1
저들도 객지 토방에 몸을 눕히거나 비바람만 가린 움집으로 돌아가면 근심 걱정도 많을 것이다. ,0,1
생각지도 않은 곳에서 옛 친구들을 봉우하니 너무 반갑다.,1,1
고등학생 영호는 이미 대학생이 된 형이 부러웠다. ,1,1
바람 소리가 귀곡성처럼 무시무시하게 들려온다.,1,0
몰래 숨어서 장난을 치던 아이들은 선생님이 나타나자 기겁해서 달아났다.,1,0
고향에 계신 어머님이 언제나 그립다. ,1,0
그녀는 몹시 속상할 테니 그녀에게 장난치지 마라. ,0,1
요즘 학교 분위기가 불안하다. ,0,1
장하에 일렁이는 촛불은 결전을 앞둔 장수들의 비장함이 어린 얼굴을 비추고 있었다.,0,1
어느덧 해는 서산으로 기울고 강 물결에는 붉은 햇빛이 황홀하게 물들었다.,1,1
그 위인이 난잡을 떨고 다니는 꼴이란 차마 입에 올리기도 역겹다. ,0,1
나는 자기 책임을 남에게 전가하는 그의 태도가 가증스럽기 그지없었다. ,1,0
나는 누명을 쓴 것이 억울해서 잠도 오지 않았다. ,0,1
잠시 동안이지만 그는 애틋한 여운을 남기고 갔다. ,1,1
선생님의 일언일구에 감동하다.,1,1
결과는 참담한 실패로 끝났다. ,0,0
감색 솜두루마기를 입은 옥이는 넓은 털목도리를 푹 뒤집어쓰고 초조한 발걸음으로 앞서간다.,0,1
나는 그가 나를 공개적으로 모욕했다는 사실에 수치를 느꼈다. ,1,0
고향 마을의 정겨운 분위기가 더욱더 그립다. ,1,1
내가 제안을 거절하자 그녀는 실망한 얼굴이 되었다. ,0,0
이웃 나라 사람들로 하여금 불만을 가지게 하였으니 이것은 실상 대왕의 큰 수치다. ,1,0
여삼의 그 어조에는 경멸의 빛이 역연했다. ,0,1
지금 어머니께 불효하면 아마 너는 평생토록 죄책감 속에서 살아야 할 것이다. ,0,1
임금은 충신들의 애틋한 단성에 깊이 감동하였다.,1,1
우리로서는 자식들이 속 한 번 안 썩이고 착실하게 자라 준 것만도 고맙다.,1,0
그토록 바라던 학과에 입학하게 된 영수는 가슴이 뿌듯하여 밤잠을 설쳤다. ,1,1
뛰어난 인재인 그가 부모에게는 불효자라니 그에게 실망하였다. ,0,0
절망의 극단에 이르러 비로소 그는 희망의 의미를 알게 되었다. ,0,0
흰물떼새가 재자거리는 소리가 매우 정겹다. ,1,1
그녀는 화가 나서 입을 뽈록 내민 채 토라졌다. ,0,1
내가 길러 낸 제자들이 제 역할을 하는 것을 보면 가슴이 뿌듯하다.,1,1
옆 사람이 신문지를 뻐스럭대서 듣기 싫다. ,0,1
변변한 작품 하나 쓰지 못한 나에게는 작가라는 말이 낯간지러웠다. ,1,0
남달리 믿었던 여자였기 때문에 배신을 당하자 그토록 격분했던 것인지도 모른다. ,1,0
홍이는 애틋하고 절절한 마음으로 땅거미 지는 거리를 거닐었다. ,1,1
원망스럽고도 경멸스러운 안광으로 그를 일 초간 쏘아보았다.,0,1
검문을 당하는 쪽 사람들은 반대로 아무런 혐의조차 없으면서도 주눅이 들다 못해 핼쑥하니 표정이 굳어질 정도로 겁먹은 얼굴들을 하고 슬금슬금 뒷걸음질 쳐 꽁무니를 빼기 일쑤였다.,0,0
박태영은 금방 궤짝 속에서 시체를 보고 기겁했던 기분을 그 과자의 맛으로 해서 말쑥하게 잊었다.,1,0
판쇠는 방에서 나는 라디오 소리가 잘 안 들려 답답하다. ,0,0
"수만금을 탕진하고 장안의 일등 미인을 거개 보았지만 이와 같은 인물을 보기는 처음이란 말과, 그래서 황홀난측한 마음을 걷잡지 못해서 시골로 내려가던 발길을 돌이켜…",1,1
"여보시게, 아무리 화가 나도 그래서는 안 되네. ",0,1
세뱃돈을 많이 받은 나는 마치 벼락부자라도 된 듯 우쭐했다. ,1,0
한을 품다.,1,0
그 녀석 이번 일을 성공했다고 으쓱으쓱하며 다니는 꼴이 우습다.,0,1
곱게 차려입은 그녀가 무척 사랑스러워 보였다. ,1,1
초조를 본 해 미실은 국민학교를 졸업했다. 근근이 그악으로 마칠 수 있는 거였다. ,0,1
그 사람의 행운을 시기해서는 안 된다.,1,0
우리 회사의 사장님은 특히 그 사람의 영어 실력에 반한 눈치였다. ,1,1
눈물을 찔끔찔끔 짜면서 겨우 불을 살라 놓고 초조하게 초당 앞으로 나간다. ,0,1
견딜 수 없는 죄책감. ,0,1
"수상시장 여행이므로 물고기 튀김이나 찜 요리로 식사를 하거나 바나나, 파파야 농장에서 키운 열대 과일을 맛봐도 즐겁다.",1,1
조바심에 가슴을 태우며 시간이 되기를 기다렸다.,1,0
그는 사회에 적응할 수 없는 자신의 무능력으로 인해서 심한 열등감에 시달렸을 수도 있다.,0,1
바쁘실 텐데 여기까지 나오시라고 해서 미안하군요.,0,1
보람찬 하루.,1,1
많은 형제를 갖고 있는 사람이 부럽다.,1,1
앞길이 너무 철벅대서 다니기가 불편하다. ,0,1
아이들 눈에는 분 바르고 비단옷 입고 훨훨 타는 장작불에 비친 여광대의 모습은 황홀하게 아름다웠을 것이다. ,1,1
저따위 얼간이가 내 친구라는 사실이 부끄럽다. ,0,1
살이 쪘는지 바지가 꽉 좨서 움직이기가 불편하다.,0,1
그가 창피하다는 듯이 혼자 비죽이 웃더니 금방 집으로 돌아가 버렸다.,0,1
다시 만나게 되어 정말 기쁘다.,1,1
아침해가 상큼하게 바다 위로 솟아오르고 있었다.,1,1
정말이지 뱃속에 아이를 가진 막음례가 이 세상에서 그 누구보다도 더 부러웠다. ,1,1
그는 동생에게 소리치고 나서 금방 후회하였다. ,0,1
새벽의 질척한 골목길을 외롭게 걸어가고 있는 자신의 모습을 그녀는 한순간 본 듯했다. ,0,0
너무 황당한 일이라 은호의 말이 사실로 믿기지 않았다.,0,1
우리 사장님은 한번 화나면 물불을 가리지 않는 분이다. ,0,1
그는 젊은 시절에 뺀들대었던 것을 후회하고 있다. ,0,1
투박한 찻잔 속에 홍차보다 빛깔이 더 붉고 짙은 액체가 모락모락 김을 올리고 있었다. 빛깔이 황홀하게 아름다운 생전 처음 보는 차였다.,1,1
나의 이상에 반대되는 현실 때문에 가슴이 답답하다. ,0,0
"남자가 여자 화장실에 들어가면 치한으로 몰리고, 여자가 남자 화장실에 들어가면 낯 뜨거워 고개를 숙이는데, 장애인의 심정은 어떠할까? ",0,1
나는 우리 팀이 결승전에 진출을 못했다는 소리에 실망은 컸지만 최선을 다한 선수들이 자랑스럽다. ,1,1
안타깝고 초조로워 더 이상 참고 기다릴 수가 없었다. ,0,1
잘 다려 입은 모시옷이 상큼한 느낌을 준다. ,1,1
헤밍웨이는 자기 문학에 절망하여 자살했다고 한다. ,0,0
"조심과 긴장과 초조함으로 지낸 그 나흘은, 어떻게 보면 넉 달에도 맞잡혔고 사 년에도 맞잡혔다.",0,1
"와, 정말 반갑다. 이게 얼마 만이냐?",1,1
한눈에 반하다.,1,1
손으로 돌리는 재봉틀처럼 생긴 씨애로 솜 안에 있는 씨를 발라내는 것도 재미있다. ,1,1
이 노래의 노랫말은 무척 아름답고 슬프다.,0,0
어머니의 생각이 불현듯 간절해서 차마 그 자리를 떠나기가 애틋하였다. ,1,1
나는 그 어르신이 다방 여주인과 농지거리하는 모습을 보고 실망했다. ,0,0
"지난 1988년 오토모 가스히로의 “아키라”가 등장했을 때, 일본 애니메이션계가 “드디어 우리에게도 이런 작품이!”라고 열광했다. ",1,1
스크린에 무시무시하게 생긴 유령이 불쑥 나타나자 관객들은 소리를 질렀다. ,1,0
새 집이 더할 나위 없이 좋다. ,1,1
"깨고 싶지 않은 꿈을 보았을 때처럼, 단맛이 가물가물 남아 있었으나, 그 꿈의 안속은 단 한 자리도 떠올릴 수 없는 게 아쉽다.",0,0
아내의 재산의 행방을 은근히 탐색하려는 마음과 그걸 치사하게 여기는 마음이 늘 갈등하고 있었다.,0,1
한참을 걱정하고 있던 차에 선생님께서 강녕하시다는 편지를 받으니 적연히 근심이 없어졌습니다.,0,1
찬석은 근심에 찬 목소리로 걱정을 늘어놓았다.,0,1
곰실곰실 기어 나오는 그것들을 마음대로 농락하면서 나는 마치 하느님이라도 된 듯 우쭐한 기분을 맛보았다. ,1,0
휴전선을 지키는 병사의 표정이 비장하다. ,0,1
참선을 하면 모든 잡념은 사라지고 마음은 평화롭게 된다. ,1,0
‘세금 폭탄론’을 앞세운 일부 보수 언론의 흠집 잡기가 먹혀드는 듯해 안타깝다. ,0,0
그 식당의 음식은 덤덤한 것이 특징이다. ,0,0
사랑하는 사람을 잃어 버리는 일은 괴로운 일이다.,0,0
설마 너까지 나를 의심하는 것은 아니겠지? ,0,1
억울하게 간 넋을 추모했다. ,0,1
길상은 트림을 한다. 술 냄새가 역겹다. 모든 것이 역겹다. ,0,1
어리석은 자신의 소행이 참담하여 이기채는 자괴를 금할 길이 없었다. ,0,0
그러나 그는 나의 세계를 이해했기 때문에 아무런 거부감도 갖지 않았다. ,0,1
황홀한 광경. ,1,1
점백이가 억울하다는 듯 한마디 했다. ,0,1
나는 그가 나를 공개적으로 모욕했다는 사실에 수치를 느꼈다. ,1,0
주먹으로 얼른 흐르는 눈물을 닦고 난 김응서의 얼굴은 금방 나무와 돌인 듯 덤덤했다.,0,0
신발이 꽉 껴서 착용감이 불편하다. ,0,1
지금 몹시 속상하니까 옆에서 웃지 마라. ,0,1
고종수는 전반 21분 선취골을 넣은 데 이어 35분에는 대포알 같은 벼락슛으로 두 번째 골을 넣어 홈팬들을 열광시켰고 서정원이 한 골을 보태 전반을 3－0으로 마쳤다.,1,1
고향 마을의 정겨운 분위기가 더욱더 그립다.,1,0
그의 하는 짓은 우스워서 못 보겠어. ,0,1
나는 친구에게 또 한 번 부탁을 하기가 무안하여 말도 꺼내지 못했다. ,0,0
그대의 오랜 적천은 진실로 우리들의 불행이네. ,0,1
나는 그의 불행을 진심으로 아파했다. ,0,1
나는 친구가 나를 고발하였다는 배신감에 사로잡혀 잠을 이루지 못하였다. ,1,0
나도 여학생들이 씩씩하게 독립 만세 부를 때는 그렇게 신이 나서 부러울 수가 없더니 언니가 고생할 땐 속상하고 불쌍하던 걸요. ,0,1
건강하게 자란 아들을 보니 내 마음이 뿌듯하다.,1,1
그는 아내가 죽은 뒤로 너무 괴로워서 한동안 술에 젖어 살았다.,0,0
"복학생 고학년과 신입생들이 방장, 방졸 관계를 맺어 친형제 이상으로 선후배의 정을 나누던 하숙집 문화가 사라지고 있어 아쉽다. ",0,0
만년 과장인 그는 젊은 사원들 사이에 끼여 열등감과 무력감을 느끼며 자신은 쓸모없는 인간이라는 자괴감에 시달렸다. ,0,1
못내 아쉽다. ,0,0
고향의 억센 사투리도 내게는 정겹기만 했다. ,1,1
"삼은 대감의 초라한 상여가 돛단배에 실려 육지로 떠나던 날, 산지포에 모여 영결하던 접객들은 서럽게 호곡하며 눈물을 뿌렸다. ",0,1
나는 영화가 하도 지겨워서 도중에 극장에서 나와 버렸어. ,0,0
거부감이 있다. ,0,1
희망 대신 절망을 주다.,0,0
선생님의 꾸중으로 울음이 북받쳤으나 창피한 마음에 울음을 삼켰다.,0,1
운수가 불행하다.,0,1
어머니도 적잖이 걱정하고 있었다. 꾸짖기도 했고 달래기도 했으며 혹시 불량아로 전락하지나 않을까 싶은 게 근심 중에서도 근심이던가 보았다. ,0,1
그때 나는 그런 소리로 경화를 경멸하고 동시에 나의 열등감을 보상하려 들었지만 둘 다 제대로 된 것 같진 않았다. ,0,1
나는 그의 간사한 태도가 너무나 가증스러웠다. ,1,0
너무너무 귀찮다.,0,0
계속되는 재난으로 정부의 위기관리 능력이 의심을 받고 있다. ,0,1
갑작스러운 공장 폐쇄 소문에 노동자들은 사장에 대한 배신감과 분노로 치를 떨었다.,1,0
나미는 그 능글맞게 생긴 지훈의 얼굴에다 침이라도 탁 뱉고 싶을 만큼 그의 언행에 격분하고 있었다.,1,0
후회 없는 삶을 살다. ,0,1
학교에서 만나 사랑을 꽃피우다. ,1,1
"정신과에 남편의 바람, 고부 간의 갈등, 자기 삶의 상실감에서 오는 우울증 등으로 찾아오는 환자들이 많다.",0,0
인정머리 없는 그의 처사가 괘씸하다. ,0,1
열등감에 빠지다. ,0,1
소영은 벌떡 마루 끝에서 일어선 채 잠시 멍한 표정으로 자기 귀를 의심했다. ,0,1
아이는 동생에게 과자를 빼앗긴 것이 약올라 뾰로통해 있다. ,0,1
그는 의심이 많아 이웃 사람도 잘 믿지 못한다,1,0
선수들은 우승한 상대편이 부러웠다. ,1,1
고통 분담에 대한 정부의 제안에 대해 국민의 호응이 좋다. ,1,1
오락가락 지루하게 계속되는 장마 때문에 요즘 기분이 우울하다. ,0,0
철수는 씨름을 해서 저보다 큰 학생을 넘어뜨리자 우쭐하며 좋아했다.,1,0
집에 내려왔다는 소식이 들린 지 며칠이 되었는데도 아직 인사를 오지 않고 있는 희수가 괘씸하게 생각되었다.,0,1
"여성은 어릴 때부터 신데렐라가 되기를 꿈꾸며, 이루어지지 않은 꿈과 현실 사이에서 갈등하는 심리를 갖는다. ",0,1
"원통하다, 그 사또 놈을 단칼에 죽이지 못하고 말다니. 그놈 명수가 질긴 거다. ",1,0
"애고, 이렇게 억울할 수가! ",0,1
중요한 발표를 무사히 마친 석우는 무거운 짐을 내려놓은 듯 마음이 홀가분하였다.,1,0
뱅골댁은 어떤 배신감 같은 것을 느끼며 한바탕 대거리를 벌일 것처럼 소리를 질러 댔다.,1,0
박 교수는 허무한 마음으로 커피를 한 잔 마신다.,0,0
나쁜 일이 일어날 것 같은 생각이 들어서 무섭다. ,0,1
이들이 최 참판 댁에 도착했을 때 조바심을 내며 기다릴 줄 믿었던 최치수는 의외로 냉담했다. ,1,0
동네에서 그렇게 싸움질을 하다니 정말 창피한 줄 알아요. ,0,1
효중은 때로 이 친구의 다리가 정말 불구인가 의심이 들 때도 적지 않았다. ,0,1
초조와 긴장으로 입 안이 바싹바싹 마른다.,0,1
아버지는 상을 받은 아들이 자랑스러운 모양이었다. ,1,1
저쯤 되면 화가 날 만도 하지. ,0,1
시험 결과에 절망한 학생. ,0,0
손님 노파는 엄마의 이런 과도 인사치레에 너무 덤덤하게 굴어서 오히려 우리가 무안했다.,0,0
상큼한 과일. ,1,1
그는 실패했지만 실망하지 않았다. ,0,0
풀처럼 넓은데 독탕이라니 영 미안하네요. ,0,1
내가 아무리 정성스레 밥상을 차려도 아이가 입에 대지 않으니 속상하다. ,0,1
어깨를 우쭐하며 춤을 춘다. ,1,0
부부가 서로 사랑하는 가운데 태어난 아이는 행복하다. ,1,1
나는 자기 책임을 남에게 전가하는 그의 태도가 가증스럽기 그지없었다. ,1,0
생긴 것만 귀염성스럽고 복 붙게 생긴 게 아니라 뼈대 있는 집안 딸인 것만도 고마운데 속에 들은 것도 많은 모양이니 태남이에겐 과분한 색시였다.,1,0
나의 경솔한 행동이 그렇게 후회스러울 수가 없었다. ,0,1
시험에 낙방하고 실의에 빠져 있는 아들 보기가 괴롭기 짝이 없다.,0,0
우리에게는 한마디의 의논도 없이 혼자서 일을 처리해 버린 동현이에 대한 배신감은 말로 표현할 수 없을 정도였다.,1,0
세 평 남짓한 방안에 진한 커피 향기가 가득 퍼지니까 정말 황홀하다. ,1,1
성수는 서울로 돌아가야 좋은 일이 기다리고 있었던 것은 아니지만 진작부터 전방에 대해 싫증을 나타내고 있었다. ,0,0
이 얼마나 자랑스러운 일이겠는고. ,1,1
며칠 밤을 새웠더니 머리가 어지럽고 무맥하여 움직이기가 귀찮다.,0,0
나는 친구의 소행이 무척 괘씸하였다.,0,1
원주민들이 사는 곳은 비록 수황이지만 그 인심만큼은 그 어느 곳에 사는 사람들보다 순박하고 정겹다. ,1,1
나를 감쪽같이 속이다니. 괘씸한 놈 같으니라고.,0,1
형님 일가의 생활은 눈 뜨고는 볼 수 없을 만큼 비참하고 처절한 것이었다.,0,1
만사가 귀찮다.,0,0
몸이 아프니 천사만사가 다 귀찮다.,0,0
이번 명절에는 고향에 못 내려갈 것 같아서 속상하다.,0,1
창피하게 여기다. ,0,1
술기운을 빌려 사랑을 고백하다. ,1,1
"아, 그래서 선생님이 저렇게 화가 나신 거구나. ",0,1
민수 씨가 너무 잘나 보여서 열등감에 빠져 그런대요. ,1,0
열등감에 사로잡히다.,1,0
우타자가 상대적으로 부족한 팀 타선에도 도움이 될 수 있다는 점도 반갑다. ,1,1
수희의 찰랑거리는 생머리가 상큼하다. ,1,1
그 드라마에서는 앞으로 주인공이 악인을 물리치고 승승장구하는 모습이 통쾌하게 그려질 예정이다.,1,1
나는 공부 잘하는 철수가 부럽다.,1,1
사무원은 기겁을 먹고 얼른 뒤로 물러선다.,1,0
나는 험악하게 생긴 지게꾼의 얼굴에 경멸이 스치는 걸 놓치지 않았다.,0,1
훈이와 내가 결혼할 거라는 소문은 너무도 황당해서 이러쿵저러쿵하며 떠들 것도 없었다.,0,1
그 여자는 자기 얼굴에 열등감을 갖고 있다. ,1,0
명주는 자기 때문에 상처받은 가족에 대해서 죄책감을 느꼈다. ,0,1
너를 다시 만나게 되어 정말 기쁘다. ,1,1
그는 만족한 웃음을 웃고 있었다.,1,0
내가 왜 그렇게 해야 하냐고 반문하자 그녀가 무척 황당해했다.,0,1
전날처럼 저주 어린 복수심이나 분노의 감정 같은 것도 찾아볼 수 없었다. 그저 망연스러운 자기 상실감 속에서 바닥 모를 절망감만 짓씹고 있었다.,0,0
고답적인 자세에 거부감을 느끼다. ,0,1
배가 고픈 정도라면 그는 얼마든지 참을 수 있다. 그러나 부하들의 굶주림을 보는 것은 생각 이상으로 우울하고 비참하다. ,0,0
무대에 서서 노래를 부르게 되었다는 것만으로 영애는 가수 부럽지 않았다. ,1,1
상사의 비리를 못 본 체한 이후로 김 대리는 한동안 죄책감에 시달렸다. ,0,1
동생은 언제나 형을 부러워하고 샘냈다. ,0,1
고향에 내려가 있을 때에는 언제나 몸과 마음이 편안했다.,1,0
이제는 세상에 부러울 것이 없다.,1,1
전화를 해서 못 간다고 핑계를 대야겠군. 이럴 땐 집에 전화가 있었으면 좋겠단 말씀이야. 공중전화가 있는 약방까지 가야 할 게 귀찮다.,0,0
순이가 부엌칼을 잡으면 어쩐지 불안하다.,0,1
네가 나를 용서했으면 했는데 이렇게 끝까지 화를 풀지 않다니 실망이다. ,0,0
모욕적인 언사에 격분하다. ,1,0
김 과장은 일 처리가 능숙한 신입 사원에게 감탄했다.,1,1
저멀리 한 농부가 소를 부려 써레질하고 있는 모습이 정겹다. ,1,1
저녁 먹은 게 체했는지 속이 답답하다. ,0,0
나는 밖에까지 나가지 않고 낯간지럽고 민망한 생각이 들어 일방에서 내다보기만 하였다. ,1,0
이환수 씨는 분노도 실망도 사그라진 덤덤한 눈으로 바람벽을 응시했다. ,0,0
등산을 갔다 왔더니 어찌나 피곤한지 몸을 꿈적거리기도 귀찮다. ,0,0
아저씨의 집은 꼭 고향집 같은 느낌이 들어 편안하다. ,1,0
물이 서느레서 씻기가 싫다.,0,1
유리 공예 작품을 보면서 나는 황홀스러워 시간 가는 줄 몰랐다. ,1,1
목이 길어서 슬픈 짐승이여! ,0,0
우리들은 세상에서 가장 유쾌한 악동이 되어 소풍날 오후를 보냈다.,1,1
동학군 본진에서는 이 한판 싸움으로 자웅을 결해야 된다는 비장한 각오를 세웠다. ,0,1
나는 그가 떠난 빈방에 사랑의 충만은 없고 배신감만 가득차 있음을 느꼈다. ,0,1
그들의 사랑에 불이 붙었다. ,1,1
생면부지 남자들한테 술상을 들고 가기가 부끄러워 가슴에서 방망이질이 그치지 않는 터에…,0,1
배가 고픈 정도라면 그는 얼마든지 참을 수 있다. 그러나 부하들의 굶주림을 보는 것은 생각 이상으로 우울하고 비참하다. ,0,1
황제의 말은 황당하고 행동도 상궤를 벗어나 있으나 단순히 미치광이로 여길 수는 없었으니….,0,1
"비록 가난하지만, 행복하다.",1,1
할아버지의 사랑방에서 나는 놋재떨이에 담뱃대 부딪는 소리가 정겹다.,1,1
뻐스럭하는 소리에 깜짝 놀라다.,1,1
나는 의무병에게 진정제를 달라고 해서 두 알을 먹었지만 무시무시한 환상들은 머릿속에서 얼른 사라지지를 않았다.,1,0
눈물로 젖은 그 눈길에 두려움과 초조가 엇갈리고 있었다. ,0,1
두려움을 벗어나기 위해 환상의 세계를 만들어 내고 그 속에서 즐기고 놀면서 공포를 극복하는 우리 아이들의 성장담이 사랑스럽다. ,1,1
죽음 자체가 야속한 게 아니라 영원히 이별해야 한다는 엄연한 사실이 견딜 수 없이 슬프다.,0,0
거부감을 보이다.,0,1
그 녀석은 날마다 우스운 모습을 하고 나타난다. ,0,1
인생이 허무하고 무상한 것을 절실히 느낀 왕은 세상만사가 모두 다 싫어졌다. ,0,0
먼 곳에서 호랑이에게 잡혀간 오누이를 부르는 소리가 애끓게 들려온다. ,1,0
그는 화가 나서 책을 내트렸다.,0,1
곰실곰실 기어 나오는 그것들을 마음대로 농락하면서 나는 마치 하느님이라도 된 듯 우쭐한 기분을 맛보았다. ,1,0
꼭 그런 사람들만을 알았다는 것도 불행하고 마음을 그렇게 먹었다는 것도 불행해. ,0,1
너무 황당한 일이라 그의 말이 사실로 믿기지 않았다. ,0,1
그는 평생을 죄책감 속에 보냈다. ,1,0
여름엔 왱왱대며 날아다니는 파리 때문에 귀찮다. ,0,0
그 일로 남들이 나를 뒷손가락질한다니 억울하다.,0,1
그 둘은 서로 사랑한다.,1,1
부모 망후에 후회해도 소용없다. ,0,1
신부가 부끄러워서 얼굴을 들지 못한다.,0,1
아궁이에서 밥하는 냄새가 정겹다. ,1,1
나를 미쁨이 있는 친구로 여기는 그에게 매번 실망을 주는 것 같아서 미안하다. ,0,1
그들은 엊그제까지도 행복하던 자기에게 어째서 하루아침에 이런 불행이 찾아왔는지 알 수 없다는 표정이었다.,1,1
불어 터지다 못해 숟가락으로 떠먹을 지경이 된 라면을 꾸역꾸역 먹으려니 괴롭다.,0,0
나는 이층에서 들려오는 피아노 소리가 정말 좋다. ,1,1
나는 거짓말을 한 내 자신이 부끄럽다. ,0,1
동인지 서인지도 분간하지 못하고 날뛰는 그의 모습은 정말 우습다. ,0,1
영애 어머니는 영애를 붙들고 울지 말라고 만류하면서 자기는 더욱 슬프게 울었다. ,0,0
그의 말이 농담인 줄 번히 알면서도 화가 났다.,0,1
아무 멋없이 밋밋이 흘러내린 산자락이 다이지만 고향은 늘 그립다.,1,0
갑작스러운 공장 폐쇄 소문에 노동자들은 사장에 대한 배신감과 분노로 치를 떨었다.,1,0
그들은 절망의 순간을 재출발의 기회로 삼았다. ,0,0
싸우자니 군사와 군기와 양식이 없고 항복하자니 이런 수치가 없다.,1,0
그는 언제나 자기가 어리석고 못났다는 열등감에 빠져 있는 듯했다. ,0,1
야마구치의 속임수에 격분한 소작인들은 다음 날 다시 재판소로 몰려갔다. ,1,0
"일반적으로 휠체어를 탄 사람처럼 외형상 나타나는 신체 장애인들에 대해서는 배려를 잘하지만 외형상 아무 문제가 없어 보이는 난청인, 특히 나이 드신 난청인들에 대한 배려는 보이지 않아 안타깝다. ",0,0
남들 앞에서 너무도 위선적인 자신을 바라보기가 가증스럽다. ,1,0
그는 특유의 유머로 상대편을 편안하게 한다.,1,0
곳곳에 스낵류와 간식 등 먹을거리도 많아 눈과 입도 즐겁다.,1,1
난처해하는 수혜를 보며 무언가를 직감한 듯 석훈을 바라보는 진우의 눈빛에 거부감 같은 것이 낮게 깔렸다.,0,1
눈만 감으면 어젯밤에 벌어졌던 황당한 일이 선명히 떠올라서 웃음이 나요. ,0,1
당시 사회는 오랜 독재와 부패에 시달려 전반적으로 무력감과 상실감에서 헤어나지 못할 때였다. ,0,0
아기가 아장아장 걷는 모습이 정말 사랑스럽다.,1,1
그는 초조한지 어깨를 달막대며 말했다.,0,1
조바심에 가슴을 태우며 시간이 되기를 기다렸다.,1,0
저는 선용 씨 외에 또 다시 이 세상에 참사람이 있을는지 의심합니다. ,0,1
나는 지금 하고 있는 일이 좋다. ,1,1
민수 씨가 너무 잘나 보여서 열등감에 빠져 그런대요. ,1,0
부부 사이가 조화로워야 가정이 행복하다.,1,1
나는 그의 간사한 태도가 너무나 가증스러웠다. ,1,0
그녀는 모멸에 찬 말을 듣고 격분을 누르지 못했다. ,1,0
애틋한 감정. ,1,1
상투적 인사말은 거부감을 줄 수 있다. ,0,1
엄청난 규모에 놀라다.,1,1
승재는 자신의 조급하고 천박한 상상력에 열등감 같은 걸 느꼈다.,0,1
나는 여태껏 그렇게 비장한 선수를 본 적이 없다,0,1
순간 준태에게는 그녀가 오랜 친구 사이처럼 편안하게 느껴졌다. ,1,0
은철의 화난 목소리에 우리는 웃음을 멈추고 그를 쳐다보았다.,0,1
아암의 죽음 이래 줄곧 정신을 못 차리고 있는 스승이 그는 안타깝다. ,0,0
저 친구는 남한테 속고만 살았는지 의심이 많아. ,1,0
나는 그의 행동이 우스워서 웃음을 참을 수가 없었다. ,0,1
졸지에 변을 당한 다섯 사람은 너무 억울하고 기가 막혔다. ,0,1
화가 나서 밥상을 둘러엎다. ,0,1
그와의 대화는 비교적 유쾌한 편이었다. ,1,1
우리는 결혼 후에 행복한 가정을 꾸려 나가기로 약속했다.,1,1
밭매는 어머님의 이마에 땀방울이 빠지직빠지직하니 안타깝다. ,0,0
뒷산은 대낮에도 혼자 가기에는 무시무시하다.,1,0
황제께 아부하고 아첨하여 국가의 권력을 전횡하던 간신들의 말로는 비참했다. ,0,1
그 소식을 듣고 우리는 절망하여 그 자리에 털퍼덕거리며 주저앉았다. ,0,0
그녀는 내 물음에 유쾌하게 대답해 주었다. ,1,1
그의 얼굴 표정에서 비장한 결심을 읽을 수 있었다.,0,1
장교는 더 이상 웅보와 말을 하기가 귀찮다는 듯 얼굴을 찡그리며 걸음을 옮겼다. ,0,0
불행한 일을 당하다.,0,1
선생님께서 읽어 주신 동화는 무척 슬펐다. ,0,0
나는 사람들 앞에서 아내에게 입맞춤하기가 낯간지러웠으나 사람들 성화에 할 수밖에 없었다.,1,0
나는 초조하고 불안한 나머지 등과 가슴으로 비 오듯이 땀을 흘렸다. ,0,1
빠르게 진행되는 사건들 속에 등장인물이 나누는 대화들은 마치 입담 좋은 개그맨의 스탠딩 코미디를 보는 것만큼이나 즐겁다. ,1,1
그것은 어느 날 느닷없이 찾아온 감상적 상실감에 불과한 것이기 때문이다. ,0,0
우리는 선배의 충고에 따르지 않았던 것을 후회하기 시작하였다. ,0,1
간신들이 하늘 높은 줄 모르고 날뛰다가 비참한 최후를 맞았다.,0,1
그는 현실의 높은 벽에 절망하고 말았다. ,0,0
세뱃돈을 많이 받은 나는 마치 벼락부자라도 된 듯 우쭐했다. ,1,0
애돝이 건강하게 자라서 기쁘다.,1,1
"도시살이의 외로움과 상실감, 고단함을 읊은 작품뿐 아니라 어머니의 죽음과 어린 딸과의 일상 등 시인의 삶을 엿볼 수 있는 자기 고백적인 시가 다수 수록됐다.",0,0
이 열무김치는 왜 이리 덤덤하냐?,0,0
둔갑한 여우에게서 배운 도토리빵 이야기와 토끼에게 주문받은 초승달 빵 이야기도 재미있다.,1,1
선예는 열쇠가 없어 고민하다가 무심코 문고리를 잡았는데 덜꺼덕하고 그냥 열려 버려서 황당해했다.,0,1
나는 오랜만에 친구들과 함께 웃고 떠들면서 유쾌한 시간을 보냈다. ,1,1
선생님은 죄책감으로 고개를 푹 숙이고 있는 나를 너그럽게 대해 주셨다. ,0,1
다들 초면이라 그런지 분위기가 서먹하네요. ,0,0
"지금은 성인이 되었으나 양현에 대해서는 다 안다고 생각했던 자신이 어처구니없게도 생각된다. 쓸쓸함, 배신감 같은 것도 있었다.",1,0
그는 죄책감에서 놓여나고자 몸부림쳤다. ,0,1
이 소설의 여주인공은 자주적으로 무엇을 하고 싶다는 의지와 누구에게 의존하여 편하게 살려는 욕망에 사로잡혀 갈등한다.,0,1
가슴이 터질 듯한 감동을 느끼다. ,1,1
어머니를 여의고 슬픔에 잠겨 있는 남편을 보고 있자니 마음이 너무 안타깝다. ,0,0
병태가 병원으로 꽃을 사들고 왔을 때 만화는 황홀한 기분이었다.,1,1
봉순은 끝내 자신을 향한 석이의 애끓는 연정을 뿌리치고 떠났다.,1,0
사련에 빠진 그들은 결국 불행으로 치달았다. ,0,1
그는 우리를 경멸에 찬 눈초리로 대했다. ,0,1
선거 사무실에서 두어 마장 떨어져 있는 주점에서 혼자 술상을 받고 있던 신호는 마음이 심란했다.,0,1
나는 그가 거짓말을 했다는 사실이 너무 실망스러웠다. ,0,0
역사 속의 많은 영웅들이 단두대의 이슬로 사라지는 비참한 최후를 맞이하였다.,0,1
그해 여름은 윤국에게 우울한 계절이었다. ,0,0
따뜻한 밥 한 끼 얻어먹지 못하고 돈 몇 푼을 얻어 다시 거리로 밀려난 그는 그때부터 세상과의 서럽고 고달픈 싸움을 시작했다.,0,1
환자의 심리 상태가 불안하다. ,0,1
나는 낙엽이 떨어지는 것을 보고 있자니 마음이 허무하여 아무 일도 할 수가 없었다. ,0,0
그의 행동의 근저에는 심한 열등감이 자리 잡고 있었다.,0,1
보람찬 새해가 되길 빕니다. ,1,1
그는 평생을 죄책감 속에 보냈다. ,1,0
우리는 일주일 한 번의 만남을 아쉬워 하곤 했다. ,0,0
거드름의 일종으로 이러는 것이 아니라 진심으로 저는 지금 나를 비판해 준 사람들에 대해서 고맙게 여기고 있습니다. ,1,0
우리는 그의 행동에 실망하였다. ,0,0
그녀는 영화에서 낯뜨거운 장면이 나오자 얼굴을 붉히며 눈을 돌렸다. ,0,1
내가 한 말이 그렇게 역겨우니?,0,1
난쟁이네 큰아들로 태어나 자란 나는 정말 불행하게도 무엇을 선택할 기회를 한 번도 가져 본 적이 없다.,0,1
상철의 비이성적인 행동의 근저에는 열등감이 있었다. ,0,1
사랑한다는 말을 낯간지럽게 어떻게 대놓고 하니? ,1,0
유능함을 이모저모 드러내어 나를 감탄시키는 아내가 늘 자랑스럽다. ,1,1
변변한 작품 하나 쓰지 못한 나에게는 작가라는 말이 낯간지러웠다. ,1,0
그녀는 유독 혼자만이 초조하고 마음이 번뇌스러운 것 같았다. ,0,1
혹시 누군가 올까 했는데 아무도 오지 않아서 실망했다. ,0,0
남들 앞에서 너무도 위선적인 자신을 바라보기가 가증스럽다. ,1,0
오페라나 전시회를 협상 테이블로 활용하는 이른바 문화 접대가 정착되고 있다는 소식도 반갑다.,1,1
새해가 되면 유명 인사들이 인쇄하여 보내는 의례적인 연하장보다는 서툰 글씨라도 직접 손으로 적은 엽서 한 장이 더욱 반갑다. ,1,1
겨울이 깊어갈수록 우울하고 어두운 소식만이 들려오기 시작했다.,0,0
제 거짓말이 차차 늘어 가는 것이 무안해서 열 오른 얼굴을 더욱 붉히었다.,0,0
방이 따뜻하여서 기분이 좋다. ,1,1
저 여리디 여린 미물 앞에서 얕추 묻힌 뿌리처럼 흔들리며 생을 이어 가는 내 모습이 부끄럽다.,0,1
버스 안의 사람들은 옥수수와 음료수를 먹으면서 유쾌하게 떠들고 있었다. ,1,1
올해는 내게 온갖 불행이 덮쳐 왔다. ,0,1
이 화장품은 냄새가 참 상큼하다.,1,1
참담했던 지난 일을 생각하면 비회만 더할 뿐이다.,0,0
나미는 그 능글맞게 생긴 지훈의 얼굴에다 침이라도 탁 뱉고 싶을 만큼 그의 언행에 격분하고 있었다.,1,0
세계 평화와 인류 공영에 이바지하다. ,1,0
이 카페는 분위기가 아주 좋다. ,1,1
조용하게 흐르는 음악 소리마저 그에게는 지겨운 것으로 느껴지기 시작했다.,0,0
내일 배낭여행을 떠난다는 생각에 마음이 설레어서 잠이 오지 않는다.,1,1
두 주인공이 재회하는 장면에서 사람들은 무척 감동하는 것 같았다.,1,1
야마구치의 속임수에 격분한 소작인들은 다음 날 다시 재판소로 몰려갔다. ,1,0
옛날 남원 부사의 아들 이 도령이 춘향에게 반하듯이 완서도 옥련에게 반한 모양이라.,1,1
그의 소퉁이가 몹시 괘씸하다. ,0,1
잘못도 없이 아버지에게 꾸중을 듣기가 너무 억울했다. ,0,1
도깨비방망이를 치면서 밥 나와라 하면 밥 나오고 옷 나와라 하면 옷 나오는 황당한 꿈이다.,0,1
평화롭고 아름다운 시골 마을의 정경이 내 마음까지도 평화롭게 만든다. ,1,0
"한가위를 앞두고 고아원, 양로원 등 사회 복지 시설을 찾는 발길이 끊겨 소외 계층의 추석맞이는 더욱 외롭다. ",0,0
동생에게 쫑코를 주고 나니 내 마음도 불편하다. ,0,1
쫄딱 반하다.,1,1
지난 일은 후회하여도 아무 소용이 없다. ,0,1
피로에 푹 싸인 여자의 기능을 알지 못하는 나는 퍽이나 불안하다. ,0,1
미인에게 반하다. ,1,1
현철한 부덕 밖에 아들을 미끼로 가권을 노린다는 교활한 꾀를 가졌다는 것이 믿음성스럽고 유쾌한 일이었다.,1,1
"120수 끝, 백 불계승. 실로 허망하고도 황당한 단명국이었다. ",0,1
평생을 마주 보며 살아온 동서지간은 이제 피를 나눈 자매지간만큼이나 정겹다. ,1,1
그 음악가는 말년에 비참한 최후를 보냈다. ,0,1
사람들은 벌써부터 못자리 만들 일이 심란하다고 한숨이 늘어지는 판이었다.,0,1
"슬프다, 한걸음 앞서간 석봉이여, 혹여 구원에도 주사(酒肆)가 있는가 알고 싶다. ",0,0
둘 사이가 요즘 좀 서먹해서 같이 만나기는 좀 거북하다. ,0,0
회사를 그만둔 남편은 속상하여 술을 마셔 댔다.,0,1
외로운 나그네.,0,0
대불이는 봉선이한테 고마운 마음을 어떻게 표시해야 좋을지 몰라 벙싯벙싯 웃고만 있었다. ,1,0
나는 그녀의 과도한 친절이 귀찮기만 했었다.,0,0
나는 서슴서슴 망설이다 결국은 그냥 돌아왔다.,0,0
요즘 아들이 사춘기라 저와 갈등하는 일이 많아졌어요.,0,1
효진은 문득 자기 존재가 한없이 초라하고 비참하게 느껴졌다. ,0,1
네가 좋다면 나도 역시 좋다. ,1,1
대답을 망설이다.,0,0
만좌중에 당한 무안을 혼자서 삭이느라고 느닷없는 생병을 앓기 시작했다.,0,0
이놈들아 병풍 쓰러뜨리고 무안해서 자는 척하려고 생코를 고는구나…,0,0
나는 꾸물대는 친구 때문에 비행기를 놓칠까 봐 조바심을 쳤다. ,1,0
물론 잡쳐진 내 기분은 전적으로 내 책임일 뿐인데도 나는 여자에 대해서 묘한 거부감과 함께 억제하기 힘든 화가 났다.,0,1
무수한 집들이 모두 무슨 이름에 어떠한 구실을 하는 것들인지 첫눈엔 그저 황홀하고 얼떨떨할 뿐이었다.,1,1
정말이지 여름밤엔 세상사는 일 자체가 온통 지겹기만 했다. ,0,0
발을 다친지라 걷기가 불편하다. ,0,1
"뭐 그럴 생각은 아닌 것 같고, 다만 두고두고 마을의 수치가 될 테니까 사전에 예방하겠다나.",1,0
그는 할머니의 죽음이 한없이 슬펐다. ,0,0
일단 의심을 갖고 보니 그의 행동 하나하나가 알쏭알쏭하였다. ,0,1
영철은 말도 제대로 못하는 자신이 몹시도 부끄러웠다.,0,1
그는 칭찬이나 질책에 항상 덤덤하게 반응한다. ,0,0
그처럼 개혁을 외칠 수 있는 용기가 부럽다. ,1,1
주인아저씨는 조금 놀라는 듯했으나 곧바로 덤덤한 표정을 지으며 앞으로 걸어왔다. ,0,0
꽃잎이 지니 왠지 마음이 우울하다.,0,0
기타를 뜯는 사내한테 흠뻑 반하여 집을 나가서 약장수 패거리들을 따라갔던 미순이는…,1,1
"유일하게 세자에게 대들 수 있는 위치와 배짱, 촉촉한 눈빛, 낄끼빠빠에 능수능란하다는 점마저 사랑스럽다.",1,1
"혼자 누워 지내자니 이 생각 저 생각 나이답지 않게 심란할 때도 있고, 한편 허무한 생각도 들고 그래.",0,1
결말부가 좀 황당하긴 하지만 다양한 이야기를 정신 없이 쏟아 내다가 멋지게 봉합하는 작가와 감독의 솜씨는 대단하다.,0,1
그의 눈빛은 부드럽고 평화스러워 보였다.,1,0
성구는 집안으로 들어서서 엄마와 누이를 대하기가 국민학교 적 방학이 끝나고 반 애들을 처음 만날 때처럼 무안하고 쑥스러울 것 같았다. ,0,0
두고 온 자식들과 마누라의 일이 걱정이 되어서 나날이 괴로웠다.,0,0
죽어서 땅에 묻히지도 못하고 박제화한 동물들을 보고 있으려니 마음이 불편하다.,0,1
내가 그렇게 우스워 보이니?,0,1
철의 극도에 달했던 초조와 불안도 고비를 넘기 시작하였다.,0,1
두메는 항상 외로웠고 쓸쓸했다. 사람이 그리웠다.,0,0
"정말이지 동태찌개와 북엇국, 명태전, 황태무침도 먹기 어려운 세상이 오는가 싶어 우울하다. ",0,0
그의 재빠른 임기응변에는 놀라지 않을 수 없었다. ,1,1
선생님에게 혼날까 봐 무섭다.,0,1
고향에서 들려오는 소식은 참담하였다. ,0,0
웅보는 큰 바다에 나가기가 무서웠다.,0,1
자외선에 너무 많이 노출된 탓인지 기미가 거뭇거뭇이 끼여 있어서 너무 속상하다. ,0,1
그들은 사랑에 눈이 멀었다. ,1,1
"다만 오빠의 간병에 대해 지나치게 무성의하고 싸움까지 벌인 후 후딱 용 섬으로 바람 쐬러 가버린 봉희, 그녀가 더없이 괘씸하고 수상쩍게 여겨질 따름이었다. ",0,1
돈 문제로 번독하게 해 드려서 미안합니다. ,0,1
"이 많은 원고를 오늘까지 다 읽어야 하다니, 생각만 해도 지겹다. ",0,0
스커트가 살망하여 보기가 싫다.,0,1
이렇게 활엽수의 번음 속으로 나갈 때마다 한참씩 취해 오르는 남국 정조는 새로운 황홀의 틀을 안전(眼前)에 전개하여 준다. ,1,1
그는 키가 작고 뚱뚱해서 마치 공처럼 생긴 사내였는데 가늘게 찡그리고 있는 그의 눈에는 노골적으로 경멸하는 웃음이 떠올랐다.,0,1
사업 실패는 그에게 큰 절망을 안기고 말았다.,0,0
먼저 그만두란 사람이 누군데 이제 와서 후회냐? ,0,1
그녀는 모멸에 찬 말을 듣고 격분을 누르지 못했다. ,1,0
나는 그의 말을 듣고 열등감에 사로잡히지 않을 수 없었다. ,0,1
그는 극악무도한 만행에 대해…더할 수 없게 억울하고 비참했다. ,0,1
홈칠홈칠 놀라다.,1,1
학우들은 나를 반갑게 맞이하였다. ,1,1
이 그림은 아주 우습다. ,0,1
왼손을 동시에 올려서 둘째 하켄을 잡는다. 오른손의 감각이 무뎌져서 몹시 불편하다. ,0,1
억울하게 돌아가신 어머니의 원혼이 칼끝에서 맴돌았다.,0,1
인문 사회 과학대 유통 통상 학부 1학년 OOO 군은 “생활비 때문에 큰 걱정을 하고 있었는데 장학금을 받게 돼 기쁘다.”라며 “앞으로 내 집을 청소한다는 마음을 갖고 깨끗한 강의실로 가꾸도록 힘쓰겠다.”라고 말했다.,1,1
문전 나그네를 흔연대접하던 인심 좋던 시절이 그립다. ,1,0
나는 뜻을 이루지 못하고 죽는 것이 원통하였다. ,1,0
조바심에 가슴을 태우며 시간이 되기를 기다렸다.,1,0
언제까지 하고한 날 여기저기서 돈 얻어다 빚잔치하며 살 건지 참으로 답답하다. ,0,0
사랑한다는 말을 낯간지럽게 어떻게 대놓고 하니? ,1,0
뱅골댁은 어떤 배신감 같은 것을 느끼며 한바탕 대거리를 벌일 것처럼 소리를 질러 댔다.,0,1
그간 각종 국내외 대회에서 크고 작은 상을 타며 벌써부터 ‘일낼 재목’으로 애니계의 주목을 받아 온 그는 “장편 제작을 위해 무려 14개의 단편을 만들 정도로 공을 들이고 있는데 결과가 좋아 기쁘다.”라고 말한다.,1,1
그 사람은 뒤틈바리라서 같이 일하면 답답하다.,0,0
그는 평생을 형에 대한 열등감에서 헤어나지 못한 채 살아왔다. ,0,1
술자리에서 그녀는 자기가 어제 겪었던 황당한 일을 너줄너줄 늘어놓기 시작했다. ,0,1
나는 비록 상중에 울진 않았지만 누구보다도 오래 할아버지를 여읜 상실감과 할아버지에 대한 자잘한 기억들을 간직하고 있었다. ,0,0
아이들이 서로 동전이 든 저금통을 철렁이며 자랑하였다. ,1,1
그는 자신의 몰골을 그녀가 보면 어쩌나 하는 조바심에 전전긍긍했다.,1,0
좋은 기회가 왔는데 작은 실수로 실기하다니 원통하다. ,1,0
객지에서 동향 사람을 만나면 정말 기쁘고 반갑다. ,1,1
그의 위선적인 웃음소리는 듣기가 역겹다.,0,1
특히 인생을 살아가는 데 인격 형성에 절대적인 영향을 미치는 영유아기의 육아법에 대해서 원력의 관점에서 책을 내시게 되어 무엇보다도 반갑다.,1,1
범행을 저지른 김 씨는 대인하는 데에는 크게 문제가 없었지만 학업에 대한 열등감은 매우 컸던 것으로 드러났다. ,0,1
깨끗한 양복을 차려입었는데도 어딘지 모르게 궁색하고 초조해 있는 낯빛이다. ,0,1
기명은 명월이라는 황진이온데 용색이 절묘하여 황홀ㆍ찬란하오며 백일이 빛을 잃는다 하옵니다. ,1,1
그녀는 인물이 떨어지는 편이 아닌데도 외모에 대한 열등감을 가지고 있다. ,0,1
나는 뜻을 이루지 못하고 죽는 것이 원통하였다. ,1,0
나는 번잡한 도시 생활이 싫다.,0,1
오늘은 일진이 좋을는지 아침부터 기분이 좋다. ,1,1
그 뛰어난 재기를 초야에서 묵히다니 참으로 안타깝다. ,0,0
민수는 자초지종을 설명하는 것이 귀찮았다. ,0,0
제 아들을 잘 돌봐 주셔서 고맙습니다. ,1,0
나는 그 결과가 매우 만족스럽다. ,1,0
마음속 깊이 사무치다. ,0,1
그녀는 행복한 나날을 보냈다. ,1,1
"이렇게 되고 보니, 그렇지 않아도 본시부터 이렇다 할 이야깃거리가 없이 덤덤하던 우리 자리는 더욱 멋쩍게 되고 말았다. ",0,0
슬프다 너 남자에게 시집가지 않은 여자들이 마음 단단히 하여 시름이 많구나.,0,0
죄 없는 사람을 치어 죽였다는 죄책감이 그의 마음을 괴롭혔다. ,0,1
어려운 사람에게는 한 푼의 돈도 반갑기 마련이다. ,1,1
나는 이제 세상을 떠나 버리는 것이 조금도 슬프지 아니하고 도리어 몸이 가뜬하고 유쾌해지는 것 같다.,1,1
몸이 괴로워 일찍 잠자리에 들었다. ,0,0
아이가 나 때문에 다치게 된 것 같아 나는 심한 죄책감을 느꼈다.,1,0
7년간의 전쟁이 끝나고 이 땅에도 평화가 왔다. ,1,0
책을 읽고 거기에서 배우는 것이 본업인 학생이 그 독서를 취미쯤으로 여기고 있다니 정말 우스운 일이 아닌가. ,0,1
나보다 작은 아이에게 씨름에 진 것이 몹시 창피스러웠다. ,0,1
손가락 하나 굼적거리기 싫다. ,0,1
어머님의 품처럼 편안한 곳은 없을 것이다. ,1,0
나는 정은이가 세계적인 학자로 고정히 크고 있다는 소식을 접할 때마다 뿌듯하다. ,1,1
새벽녘의 강가는 청현하고 평화롭다. ,1,0
누구나 설중에 핀 매화를 보면 감탄이 절로 나온다. ,1,1
금순이는 일곱 살에 미륵동으로 들어와서 부잣집 딸 부럽지 않게 물만 튀기며 고이 자라났다. ,1,1
그는 낯선 땅에서 병으로 고통받다가 비참하게 생애를 마쳤다. ,0,1
나는 그의 간사한 태도가 너무나 가증스러웠다. ,1,0
권좌로 가는 길은 호쾌하고 영화롭지만 다시 야(野)로 돌아오는 길은 외롭고 참담했다. ,0,0
"그들의 죽은 듯한 은신은, 겨우 반나절이 못되어 허무하게 발각되었다.",0,0
그를 생각하면 정면 대결을 회피하고 비실비실 외곽으로 돌며 비겁하게 살아 있는 나는 부끄럽다.,0,1
나의 만족은 이루 말할 수 없다.,1,0
철수는 씨름을 해서 저보다 큰 학생을 넘어뜨리자 우쭐하며 좋아했다.,1,0
환멸과 배신감을 느꼈지만 정면으로 대립해 봤댔자 자기만 손해라는 걸 경험으로 알고 있었다.,1,0
나는 네가 하는 짓이 정말 불안하다.,0,1
환멸과 배신감을 느꼈지만 정면으로 대립해 봤댔자 자기만 손해라는 걸 경험으로 알고 있었다.,0,1
나날이 괴롭다.,0,0
한때나마 가슴 설레게 하던 그 계집애의 얼굴은 사진관에 걸려 있는 퇴색된 어린아이의 얼굴처럼 낡고 더러워 보였다.,1,1
서로를 시기하다.,1,0
그가 그녀에게 한 말은 스스로 생각해도 낯간지러운 소리였다. ,1,0
성화에 감동하다.,1,1
낡아서 뻐걱대는 사다리라 오를 때마다 불안하다.,0,1
며느리 괘씸한 것이야 말할 것도 없고 감싸고도는 아들 녀석이 더 문제입니다. ,0,1
그는 두 눈을 뛰룩대며 우리를 의심의 눈초리로 바라보았다.,0,1
나는 다시 황홀 속에 빠져들었다. 아무것도 생각하기가 싫었다. ,1,1
매일 똑같은 일을 반복하자니 지겨워 죽겠다. ,0,0
오랜 시간 나와 함께 동고한 아내에게 늘 미안하다.,0,1
친구들과 함께 열심히 노력하여 과제를 완성하니 마음이 뿌듯하고 보람찼다. ,1,1
저 친구는 남한테 속고만 살았는지 의심이 많아. ,1,0
의심과 경계의 빛이 팽팽하다.,0,1
칩칩스럽게 날아드는 파리 떼도 장난꾼 각다귀들도 귀찮다.,0,0
“엘지(LG) 좌타자들에게 투심이 잘 먹혀 좋은 경기를 할 수 있었다. 팀 성적이 좋지 않은 상태에서 이겨서 더욱 기쁘다. 이번 승리를 계기로 팀 성적이 좋아졌으면 한다.”라며 활짝 웃었다. ,1,1
치마폭이 너무 좁아서 걸을 때 불편하다. ,0,1
"군밤을 잔뜩 넣었더니, 주머니가 뿌듯하다.",1,1
공든 탑이 허무하게 무너졌다. ,0,0
서른 해가 넘도록 애틋하게 간직해 온 꿈이 이루어질는지도 모른다는 희망이 솟아났다. ,1,1
굵어져 후드득 성글게 떨어지는 빗방울이 얼굴을 때렸으나 그는 유쾌했다. ,1,1
나는 지금 그가 없는 것이 아쉽다.,0,0
공산주의자는 그래선 못쓴다고 따끔하게 말해 주었을 땐 정말 통쾌했어.,1,1
나귀가 잘랑이는 방울 소리가 평화롭게 들린다. ,1,0
그녀는 야간 대학에 진학함으로써 학벌에 대한 열등감을 극복하였다. ,1,0
그 여자는 자기 얼굴에 열등감을 갖고 있다. ,1,0
가까운 사람에게 자기의 약점을 꼬집히면 배신감을 느끼게 마련이다.,0,1
해가 거듭될수록 그의 얼굴이 그립다.,1,0
이 작품은 본문보다 뒷글이 더 재미있다. ,1,1
그녀는 잠든 아기의 얼굴을 보고 행복한 미소를 지었다. ,1,1
서로를 시기하다.,1,0
그녀는 야간 대학에 진학함으로써 학벌에 대한 열등감을 극복하였다. ,1,0
나는 달콤한 사탕을 먹고 있는 성태가 부러웠다. ,1,1
눈 있고 귀 있는 자여 어찌 참 아닌 것을 듣고 보며 감동하는 눈물이 나리오. ,1,1
욕심을 버리니 마음이 한결 홀가분하다.,1,0
철수는 씨름을 해서 저보다 큰 학생을 넘어뜨리자 우쭐하며 좋아했다.,1,0
당당하게 싸우다 장렬하게 옥쇄한 그를 생각하면 정면 대결을 회피하고 비실비실 외곽으로 돌며 비겁하게 살아 있는 나는 부끄럽다. ,0,1
생각할수록 그의 소위가 괘씸하다. ,0,1
목욕 후에 꿀낮잠을 자고 있는 아이의 모습은 정말 사랑스럽다.,1,1
홍섭은 현실에 절망했다.,0,0
노파는 얼른 입을 못 열고 사뭇 초조하게 두 손을 맞비비고 비비 틀고 하더니….,0,1
펄쩍 놀라다. ,1,1
본을 보인다는 마음은 어딘지 내가 남보다 앞섰다는 자만심에 사로잡히기 쉽다.,1,0
잘못 온 게 아닌가 싶은 초조함 때문에 초희는 욱신욱신 뒷골이 다 쑤셨다. ,0,1
웅보는 염주근의 그 부탁을 받아들일 수 없음이 미안하고 안타까울 뿐이었다. ,0,1
나는 부자가 아니어도 행복하다. ,1,1
본을 보인다는 마음은 어딘지 내가 남보다 앞섰다는 자만심에 사로잡히기 쉽다.,1,0
눈에 보이는 모든 사물이 초조에 휘말려 윤곽을 잃은 듯 아른거렸다. ,0,1
민정이는 자만심이 강해서 도무지 남의 충고를 받아들이지 않는다. ,1,0
아이들이 설레는 바람에 정신을 차릴 수가 없다. ,1,1
내 꼴이 우습다. ,0,1
아직 자신의 역량을 어디로 집중해야 할지 몰라 헤매는 젊은 사람이 많아 안타깝다. ,0,0
누구라고 할 것도 없이 토요일 오후의 시민들 표정은 한결같이 평화로워 보였다. ,1,0
몰래 숨어서 장난을 치던 아이들은 선생님이 나타나자 기겁해서 달아났다.,1,0
정겹게 이야기를 나누다. ,1,1
그러나 나는 그런 유쾌보다 더 큰 기쁨으로 나의 지나온 일을 모두 얘기하였다. ,1,1
그는 부모님께 자기가 가진 포부를 자랑스럽게 밝혔다.,1,1
후회해도 소용없어. 이미 엎지른 물인데. ,0,1
극한 함수를 찾고 있을 땐 비보를 탐험하는 기분으로 황홀했다.,1,1
아무리 노력해도 평생 비계인에 머물지 모른다는 상실감에 젖은 모습이 2017년 한국 청년들의 자화상이다.,0,0
그 시절 나무 그늘에서 같이 조잘거리던 친구들이 그립다. ,1,0
나는 그 손님이 무척 반갑다.,1,1
우리는 난관이 닥쳐도 조금도 굴요치 않는 그의 의지에 감탄했다. ,1,1
그는 자기 연민에 빠져 늘 우울해했다. ,0,0
지금 저렇게 시작할 때 싹을 밟지 않으면 후회할 걸세. ,0,1
그는 연인에 대한 배신감이 속에서 부글대는 걸 느꼈다. ,0,1
이 작품은 세계 평화를 상징화한 것이다. ,1,0
망해 가는 아버지 회사를 다시 일으킨 사건은 몇 년을 두고 개성 사람들이 싫증도 안 내고 즐겨 읊는 입지전이었다.,0,0
그는 그녀의 어린아이와 같은 순정에 감동했다. ,1,1
동네 사람들의 아기자기 사는 모습이 보기에 좋다. ,1,1
갑작스러운 인기척에 놀라다. ,1,1
내가 제일 좋아하는 감독의 영화가 이번 영화제의 초청작으로 선정되어서 정말 기쁘다. ,1,1
한이 맺히다.,1,0
그렇게 알뜰히 챙겨 주는 사람이 있는 네가 나는 정말 부럽다. ,1,1
왕한은 빈민굴로 들어가서 이곳저곳을 구경하였다. 그들의 생활은 실로 참담하였다. ,0,0
나의 갑작스러운 변화에 따라 부다가의 얼굴에는 뚜렷한 실망의 빛이 보였다.,0,0
선유사의 직책은 성상의 조칙을 받들고 소요한 인민을 효유하여 편안하게 할 것이거늘…,1,0
그의 공연에 관중들은 괴성을 지르며 열광했다. ,1,1
니가 애써 만들어 준 것을 내 동생이 뿌수어 버렸다. 미안하다. ,0,1
순영은 걱정해주는 애틋한 속마음도 모르고 그렇게 말하는 대불이가 야속하기까지 하였다. ,1,1
나는 결정을 못 내리고 고개를 비트는 친구의 모습에 화가 났다.,0,1
다행히도 이승엽은 동영을 잘 기억하고 있었을 뿐만 아니라 얼싸안을 듯 반갑게 맞아 주었다.,1,1
두 개의 칩을 얹어 접촉식과 비접촉식을 구현하는 하이브리드 카드가 있으나 각 칩에 적립된 돈을 옮길 수 없어 사용이 불편하다.,0,1
새롭고 놀라운 이 발견을 그에게 이야기해 줄 내 마음은 또 다른 흥분으로 설레고 있었다. ,1,1
남편이 이직 문제로 갈등하는 모습을 보면서 나 역시 마음이 편하지 못했다.,0,1
그들은 누구나 모두 기차가 처음이니만치 진기하고 유쾌해서 견딜 수 없었다. ,1,1
그는 억울하게 누명을 썼다. ,0,1
그는 또 사회적으로 출세한 친지들을 은근히 경멸한다.,0,1
극장 안을 메우는 테크노 음악 등 청각 장치에다 코러스의 등장 덕에 시청각이 즐겁다. ,1,1
골치 아픈 노사 문제를 처리하고 나니 마음이 홀가분하다. ,1,0
그는 친구에게 뒤처진 성적표를 보고 무척 실망하였다.,0,0
죽었던 사람이 살아온다 한들 이에서 더 반가우랴. ,1,1
아버지는 돈을 구하러 나가신 어머니를 초조하게 기다리며 줄담배만 태우고 계신다. ,0,1
그는 여기서 다시 우레 같은 소리와 눈같이 뿜어지는 물길의 포말을 보며 감동하고 있다. ,1,1
가슴속에 큰 감동으로 살아남은 작품. ,1,1
할머니의 꽃댕기를 가리키며 어머니는 다분히 경멸 조로 말했다. ,0,1
나는 그의 한없는 효성이 감탄스럽다. ,1,1
남편의 도박은 가족들에게 고통을 주고 가정생활을 불행하게 만들었다. ,0,1
"미안도 하고 창피도 하여, 쥐구멍이 있다면 숨고 싶은 심경이었다. ",0,1
두 여자를 놓고 중간에서 갈등하다. ,0,1
청어는 가시가 많아 먹기가 불편하다.,0,1
벽지가 궁글어 보기 싫다. ,0,1
실덕에 감탄하다.,1,1
"굳이 클래식이 아니어도 생활을 윤택하게 가꾸어 주는 음악의 생명력을 생각할 때, 이제는 흔한 노래에마저 흔들리는 단세포적인 감성 때문에 아름다움의 일부를 잃어버리는 것 같아 아쉽다. ",0,0
달래는 슬픔과 증오심으로 비참하게 일그러진 얼굴로 먼 산을 보면서 입술을 물었다. ,0,1
그 선수가 금메달을 따서 아주 자랑스럽습니다. ,1,1
남상이는 이렇게 아내를 위로했다. 그러나 점점 비참하고 무거운 기분으로 떨어지고 있었다.,0,1
이도 저도 다 싫다.,0,1
부부가 서로 마음만 맞으면 비취금이 없어도 행복하다. ,1,1
"이왕 그렇게 된 일, 후회해 봤자 소용없다.",0,1
나는 대회와 훈련 등 사이클을 항상 사랑했고 열정이 있었다. 암 극복자로서 많은 사람들에게 극복과 희망을 주고 노력을 통해 성취할 수 있다는 것을 전달할 수 있어서 기쁘다.,1,1
오고 가는 사람들의 말벗이 되어 주던 정겨운 곳. ,1,1
올림픽은 그 개최국의 국민을 우쭐하게 만드는 경사다.,1,0
처세론에는 ‘사람을 읽으면 인생이 즐겁다’는 의미의 구절이 꼭 들어 있다. ,1,1
반 아이들 대부분이 재주 많은 그 아이를 시기했다. ,1,0
그 일은 내게 얼마나 오지고 통쾌한 일인지 모른다.,1,1
일이 막 손에 익는 참인데 다른 부서에 가게 되어서 아쉽다. ,0,0
유럽 인들은 무엇보다도 축구에 열광한다.,1,1
예순여덟의 노령에도 건장한 모습으로 교주가 나타나자 십만의 동학 군사들은 열광했다.,1,1
그 화원은 올림푸스의 제우스가 질투할 정도로 황홀한 화원이었다. ,1,1
그 후로 두 사람은 오래오래 행복하게 살았습니다.,1,1
화가 치밀다.,0,1
월드컵을 불과 한 달여 앞둔 축구 대표 팀의 전력이 아직도 불안하다.,0,1
키가 작아서 꼰지스는 모습이 우습다. ,0,1
색 전등들의 조사 아래 발그레 요염해진 화장한 얼굴들이 내 부끄러운 눈을 황홀하게 했다. ,1,1
동생의 사고 소식을 전해 들은 나는 너무 참담하여 아무 말도 할 수 없었다.,0,0
저녁 공기가 상큼하니 맑았다. ,1,1
꼴도 보기 싫다. 썩 물러가지 못하겠느냐? ,0,1
우리들은 오늘 유쾌하게 하루를 보냈다. ,1,1
한가롭게 떠도는 구름 때문에 강촌은 더욱 평화롭게 느껴지는지 모른다.,1,0
박태영은 금방 궤짝 속에서 시체를 보고 기겁했던 기분을 그 과자의 맛으로 해서 말쑥하게 잊었다.,1,0
아침을 먹었다고 너무 거세게 사양했다가 곁엣 사람은 미처 반 그릇도 먹기 전에 치우고 나니 좀 무안한 눈치였다. ,0,0
사람의 발길이 끊긴 것도 서러운데 누가 무슨 권한으로 감히 물길을 끊는단 말인가.,0,1
낯모르는 데로 가서 당골네 노릇 좀 안 하고 살았으면 좋겠다고 말하는 어머니가 그렇듯 가엾고 사랑스러울 수 없었다.,1,1
내가 대한민국 사람으로 태어났다는 것이 자랑스럽다.,1,1
독수리는 상대가 너무 쪼그맣다는 데에 실망했다. ,0,0
사업에 또 실패한 진호는 스스로에게 절망한 모양이었다. ,0,0
변변한 작품 하나 쓰지 못한 나에게는 작가라는 말이 낯간지러웠다. ,1,0
"공연의 분위기가 고조에 달하자, 관객 모두가 열광했다. ",1,1
정치가들의 위선을 비꼬는 풍자 소설은 참 통쾌해.,1,1
형은 화를 참지 못하여 주먹을 불끈불끈했다.,0,1
의심이 생기다. ,0,1
아이들이 너무 설레는 바람에 아무것도 할 수가 없었다.,1,1
밤 그늘에 들려오는 귀뚜라미 소리가 정겹다.,1,1
재영이는 연연이의 단아함이 한없이 사랑스러웠다. ,1,1
네 마음은 고맙다만 이 일은 내가 알아서 처리할 테니 걱정하지 마라. ,1,0
그의 걸쭉한 전라도 사투리가 참 정겨웠다. ,1,1
세뱃돈을 많이 받은 나는 마치 벼락부자라도 된 듯 우쭐했다. ,1,0
한 젊은이의 순결한 사랑. ,1,1
느닷없이 물속에 거꾸로 박힐 때 나는 본능적인 두려움과 거부감으로 발버둥을 쳤지만 머리 밑을 흐르는 물의 감촉에 곧 익숙해졌다.,0,1
오케이를 놓고 나니 이제 책이 다 나온 것처럼 홀가분하다. ,1,0
"갑진은 그의 독특한 기술로 제 마음에 서리었던 모든 불쾌한 것, 부끄러운 것을 쓸어버리고 평상시와 같은 유쾌한 기분을 지을 수가 있었다.",1,1
저 친구는 남한테 속고만 살았는지 의심이 많아. ,1,0
우산 아래로 나란히 걸어가는 연인들의 모습이 정겹다. ,1,1
그는 단순히 살아온 자신의 삶을 후회해 본 적이 없었다. ,0,1
너를 이번 일에 끌어들여 미안하다.,0,1
그 여자는 의심스러운 표정을 지으며 고개를 갸우뚱했다. ,0,1
무사 신분제의 해체로 삼백여 년간의 특권 의식으로 무위도식하던 그들이 하루아침에 실직하여 비참하게 되었다. ,0,1
먼 곳에서 호랑이에게 잡혀간 오누이를 부르는 소리가 애끓게 들려온다. ,1,0
지금 하는 일이 육체적으로는 고되고 힘들지만 심정적으로는 편안하다. ,1,0
박 병장의 드라큐라 같다는 표현이 우스웠던 모양이었다. ,0,1
어머니는 영구장천 근심과 걱정을 안고 사신다.,0,1
정작 손해는 내가 봤는데 나한테 되몰다니 억울하다.,0,1
그토록 믿었던 김 군의 반려가 우리 모두에게 큰 배신감을 안겨 주었다. ,0,1
열등감을 갖다.,0,1
그는 아이들이 쓴 알파벳에 감탄하며 영리한 아이들이라고 칭찬했다. ,1,1
그녀는 이 마을을 떠나야 한다는 것이 무척 아쉬웠다.,0,0
수십 년 전에 나온 그 이야기는 이 근래까지도 사람들의 입에 오르내릴 정도로 재미있다. ,1,1
그는 의심이 가득한 눈으로 나를 쳐다봤다.,0,1
장군은 죽음을 불사하고서라도 이 성을 지켜야 한다고 비장하게 말했다. ,0,1
밀린 임금도 못 받고 쫓겨난 진호는 여섯 달 동안 헛일했다고 생각하니 황당하기도 하고 분하기도 하였다. ,0,1
아내가 손톱 하나 까딱하지 않고 종시 코웃음으로 보려는 것이 괘씸하다.,0,1
그는 아내를 일찍 여읜 상실감으로 매일 술을 마셨다. ,0,0
지금 내가 읽는 책은 재미있다. ,1,1
그의 시선에 흠칫 놀라다.,1,1
한국 멜로드라마에선 백혈병이 무슨 감기처럼 주인공마다 죄 걸리니 황당해서 볼 수가 없다.,0,1
치매에 관해 본격적으로 다룬 논고가 아직 없는 것이 매우 아쉽다. ,0,0
가락이 맑고 경묘하여 듣기에 좋다.,1,1
그는 음식이 맛있다며 거듭 감탄하는 표정을 지었다.,1,1
아들은 어머니에게 용서를 구하기가 미안했다.,0,1
그리움이 사무치다.,0,1
두 어깨를 짓누르던 천근이나 되는 짐을 활딱 벗어 버린 듯 거뜬하고 통쾌하였다. ,1,1
누구라고 할 것도 없이 토요일 오후의 시민들 표정은 한결같이 평화로워 보였다. ,1,0
그는 면회 온 여인을 생각하자 왠지 자기 일처럼 흐뭇하고 유쾌했다.,1,1
그녀에게 거짓말을 한 죄책감에 나는 얼굴이 화끈화끈 달았다. ,0,1
경제적 빈곤보다도 정신적 빈곤이 나를 더 괴롭게 했다.,0,0
나는 화난다고 친구에게 욕설을 한 것을 후회했다.,0,1
그는 괜한 소리를 했다고 후회했지만 소용없었다. ,0,1
한 팀에만 유리하게 판정한 심판은 뇌물을 받은 게 아니냐는 의심을 받았다. ,0,1
그 이야기는 언제 들어도 재미있다. ,1,1
그는 만국의 평화를 위해 평생을 바쳤다.,1,0
그 사람 다시는 노름을 안 하겠다고 맹세했으나 그 진실성이 의심스럽다.,0,1
이렇게 멋진 풍경을 그냥 차를 타고 휘익 지나가야 하다니 정말 아쉽다. ,0,0
모두가 상상을 초월하는 이 황홀한 실경에 감복하였다. ,1,1
이 재산과 이 아내만 있으면 여생이 그토록 불행하지는 않으리라 하였다. ,0,1
그 학자는 변절한 모든 지식인들을 경멸하였다.,0,1
생각하고 또 생각해도 그때마다 새롭게 피가 더워지고 마음이 황홀해지는 영웅의 전설이었다. ,1,1
농촌 계몽에 젊음을 바치고자 했던 젊은이들은 정부의 실책에 큰 배신감을 느꼈다.,1,0
둘 중에 어느 쪽으로 응대할까 하고 잠시 망설이다 나는 후자를 택했다. ,0,0
이 청바지는 너무 꼭 끼어서 불편하다. ,0,1
나미는 그 능글맞게 생긴 지훈의 얼굴에다 침이라도 탁 뱉고 싶을 만큼 그의 언행에 격분하고 있었다.,1,0
식민주의 열강은 피정복민의 마음속에 깊은 열등감을 심어 주었다.,0,1
나는 어느새 진호를 시기하고 있었다.,1,0
이씨 부인은 옥안이 당장에 참담하여지며…. ,0,0
그는 여러 사람들이 자기를 중심으로 시선을 쏘는데 부지중 자만심을 느끼었다.,1,0
화가 난 어머니는 매를 집어 들고 쫓아오셨다. ,0,1
이렇게 불청객이 뛰어들어서 미안하오. ,0,1
나도 귀관 이상으로 전쟁을 증오하고 있다.,0,1
할머니가 나가자 집안 공기가 한결 가벼워진 것 같으면서 남은 사람 모두가 편안해 보였다. ,1,0
항상 다가올 일을 착념해야만 발전이 있고 큰 화를 면할 수 있다. ,0,1
환멸과 배신감을 느꼈지만 정면으로 대립해 봤댔자 자기만 손해라는 걸 경험으로 알고 있었다.,1,0
마루가 꿍꽝거리는 소리는 정말 싫다. ,0,1
비변사에 모인 여러 사람들은 백사 이항복의 임기응변하는 수단에 모두들 감탄하지 않을 수 없었다.,1,1
노인이 들려주는 옛날이야기는 허황되고 황당한 것이었다. ,0,1
가수의 노래에 청중은 열광했다. ,1,1
"병화 일어남이 어느 땐들 없으리마는, 슬프다 우리 동방에 오늘 같은 전쟁이 어찌 또 있으랴.",0,0
우리에게는 한마디의 의논도 없이 혼자서 일을 처리해 버린 동현이에 대한 배신감은 말로 표현할 수 없을 정도였다.,1,0
자신의 억울한 누명을 통탄하다. ,0,1
인재에 천재까지 겹치는 것이 아닌가 섬사람들은 초조한 얼굴들이었다. ,0,1
내가 뿌린 씨에서 싹이 나니 참 기쁘다.,1,1
황당하고 절망적인 전투는 그 후로도 무려 열 시간 가까이 계속되었다. ,0,1
비애나 연민보다는 짜증스러운 혐오감이 앞서 공연히 이 일을 시작했다고 후회하곤 했지요.,0,1
새해 벽두부터 우울한 소식이 들려왔다. ,0,0
"그의 시는 재치가 있어 경쾌하고 톡 쏘는 맛이 있고, 멋지면서 슬프다. ",0,0
"인제야, 아무리 후회하면 증이파의지, 소용이 있나. ",0,1
좁은 길에 차를 세워 놓아 통행이 불편하다. ,0,1
한이 서리다.,1,0
공포는 시간이 흐르자 더 이상 어쩔 수 없다는 절망으로 변했다. ,0,0
아이들도 잘 크고 살림도 푼푼하여 나는 더없이 행복하다. ,1,1
"선녀라고까지 치켜 보던 논개가 술을 따라 주니, 적장들은 까닭 없이 마음이 흥락하고 기쁘다.",1,1
새벽녘 떠오르는 태양에 바다가 황홀하게 빛나고 있다. ,1,1
고대 문학을 읽으며 옛사람들의 생활을 유추해 보는 것도 재미있다.,1,1
네가 뜨덤뜨덤 말을 하니 답답하다. ,0,0
민호는 단순하고 낙천적이며 유쾌한 성격이다. ,1,1
그녀는 생각하면 생각할수록 어제 그 일이 속상했다. ,0,1
기세당당한 우리 선수들의 모습이 자랑스럽다.,1,1
수진이는 한눈에 보아도 감탄할 만한 미모를 지닌 절세미인이었다.,1,1
그는 무안한 듯 얼굴이 뻘겋게 달아올랐다. ,0,0
나는 그의 패기발발한 젊음이 부럽다. ,1,1
그를 만나러 갈 생각에 벌써부터 마음이 설렌다.,1,1
편안하고 깊은 잠에 빠져들다. ,1,0
다 지나간 일인데 후회를 한들 무슨 소용이 있겠는가.,0,1
저 친구는 남한테 속고만 살았는지 의심이 많아. ,0,1
그 외국인은 한복의 아름다움에 무척 감탄하였다.,1,1
나는 그를 경멸하는 눈초리로 쳐다보았다. ,0,1
기화에게 들킨 것이 부끄러웠던 것이다. 선녀같이 보이는 기화에게 들짐승 같은 꼴을 보인 것이 창피했었던 것이다.,0,1
"시재의 변괴만 걱정하지만, 수양에게는 다른 커다란 근심이 있었다. ",0,1
좌우간 너와 이 자리에서 만나게 되니 너의 선군을 만난 듯이 기쁘다. ,1,1
사람들이 설레는 마음으로 한 해를 보내고 맞는 연말연시이다.,1,1
이사하면서 새 장판이 가구들에 쪼여서 속상하다. ,0,1
대불이는 할아버지 이마에 찍힌 불도장이 창피하게만 생각되었었다. ,0,1
어느덧 중년이 되니 같이 밤샘하며 공부하던 친구들이 그립다.,1,0
여자의 간드러진 목소리가 몸에 와 감기듯 정겨웠다. ,1,1
이런 속옷 같은 옷차림으로 외출한다는 것은 낯뜨거운 일이지요.,0,1
부엌 바닥으로 들어선 여삼은 곰처럼 엉거주춤하게 선 채 돌아설까 말까 망설였다.,0,0
당치도 않은 말을 자꾸 볼쏙거리는 자네의 태도에 실망했네.,0,0
배달수는 순간 그녀가 죽음을 두려워하고 있는 그 자신을 경멸하고 있을지도 모른다고 생각을 하였다.,0,1
배가 사각사각하고 씹히는 소리가 듣기 좋다. ,1,1
오빠의 태도도 평소의 심약한 오빠답지 않게 강경하고 어딘지 비장해 보였다. ,0,1
빈말이라도 고맙다. ,1,0
시야가 확 트이는 고각에 올라 차를 마시던 옛 풍습이 부럽다. ,1,1
계숙이가 오늘까지 수영에게 대해서 이다지도 애틋하게 사랑과 기쁨을 느껴 보기는 실로 처음이었다.,1,1
통장에 증액되는 예금액을 볼 때마다 뿌듯하다. ,1,1
이때까지 어떠한 전투에 출격할 때에도 있지 않았던 비장한 기분이 감돌았다. ,0,1
농촌 계몽에 젊음을 바치고자 했던 젊은이들은 정부의 실책에 큰 배신감을 느꼈다.,1,0
"우리는 살아 있는데, 제일 고생을 많이 한 형님이 먼저 갔으니 원통하고 억울하다",0,1
그리움이 골수에 사무치다. ,0,1
낙안댁은 자리를 일어서며 소화의 생각 깊음에 놀라고 있었다. ,1,1
책상이 낮고 작아서 불편하다. ,0,1
밝은 표정을 짓는 그녀는 무척이나 행복해 보였다. ,1,1
나 보기가 부끄러워서 그렇게 고개를 돌리고 있니?,0,1
우리는 종업원들의 싫증난 듯한 태도를 보고는 다른 식당으로 가기로 했다. ,0,0
청소하기가 귀찮아 그대로 두었더니 집 안 꼴이 말이 아니다. ,0,0
그는 처음으로 사랑스러운 눈길을 가다듬어 아내를 오래오래 쓸어 보았다.,1,1
그녀는 자신의 직업에 만족하고 있다고 말했다. ,1,0
중년을 넘은 직업여성의 피곤과 싫증 같은 게 짙게 느껴져 오랫동안 맞벌이로 알뜰살뜰 살림을 꾸려 온 티를 숨길 수 없었다.,0,0
유명 선수들에게 열광하는 관중.,1,1
너무 놀았더니 이제 노는 것이 지겹다. ,0,0
수현이의 얼굴은 가련할 정도로 우울하고 지쳐 보였다. ,0,0
다이너마이트를 발명한 노벨은 평생 그 죄책감으로 괴로워했다. ,0,1
아들만 보면 잘 챙겨 주지 못한 거 같아서 괴롭다.,0,0
그는 자신의 몰골을 그녀가 보면 어쩌나 하는 조바심에 전전긍긍했다.,1,0
그녀를 위해서 잘해 보자고 했지만 오히려 역결과만 가져온 것 같아서 미안하다. ,0,1
글자마다 비점이니 그 아니 자랑스러운가. ,1,1
이 잡지는 읽을거리가 다양해서 재미있다.,1,1
만족한 성과를 올리다. ,1,0
만산은 황홀하다기보다 일대 장관이다. ,1,1
두고두고 후회하다.,0,1
그는 누구보다도 우세하다는 자만심에 차 있었다.,1,0
그 시기의 영화계는 무력감과 상실감이 만연하였다.,0,0
그렇게 얇게 입고 다니다 감기 들까 무섭다.,0,1
한 팀에만 유리하게 판정한 심판은 뇌물을 받은 게 아니냐는 의심을 받았다. ,1,0
화가 난 꼬마는 갖고 있던 딱지들을 아무 데나 내치기 시작했다.,0,1
우리를 데리고 온 것을 후회막급으로 여겼던 것이지요.,0,1
"형, 아버지 많이 화나셨어, 빨리 집에 들어와.",0,1
그녀는 천치 아들을 둔 탓에 평생을 근심과 걱정 속에서 살아왔다. ,0,1
생각지도 않았던 그녀의 정성스러운 선물은 나를 황홀하게 했다. ,1,1
부산 부두에서 노동하던 일 년간 그 시기는 참으로 강쇠에게는 참담한 것이었다. ,0,0
지금 집에서 엄마를 기다리며 칭얼거리고 있을지도 모를 남이가 머리에 떠올라 우울하기만 한 것이었다.,0,0
전쟁이 더 이상 확대되지 않는다면 그들은 통일이 없더라도 휴전 상태로 만족하는 듯한 표정들이다.,1,0
"김범우는 놀라지 않을 수 없었고, 그 놀란 얼굴을 바라보며 선우진은 만족스러운 것인지 통쾌한 것인지 모를 묘한 웃음을 웃고 있었다.",1,1
그는 일그러진 얼굴에 경멸인지 통쾌인지 모를 웃음을 띠고 있었다. ,0,1
이 연극의 이야기는 너무 슬픈데 배우들의 연기는 매우 재미있다.,1,1
집안은 폐족이 되어 팔대 옥당의 명문이 백척간두에 서 있는 것이 원통하고 억울하다. ,0,1
농부들도 그들 나름으로는 한껏 유쾌한 모양이었다. ,1,1
열등감에 사로잡히다.,0,1
스님의 설법에 많은 사람들이 감동하였다.,1,1
뒷산은 대낮에도 혼자 가기에는 무시무시하다.,1,0
곰실곰실 기어 나오는 그것들을 마음대로 농락하면서 나는 마치 하느님이라도 된 듯 우쭐한 기분을 맛보았다. ,1,0
잿더미만 남은 참담한 전쟁터. ,0,0
홀가분한 기분.,1,0
"그따위 것들은 눈만 뜨면 얼마든지 만날 수 있는 시시한 것들이었고, 그는 사실 그런 것들을 속으로 경멸하고 있었다.",0,1
그는 워낙 낙관적이어서 좀처럼 절망하지 않는다. ,0,0
한 팀에만 유리하게 판정한 심판은 뇌물을 받은 게 아니냐는 의심을 받았다. ,1,0
바람에 머리칼을 풀풀 날리며 가쁜한 걸음으로 사라지는 그들을 허정우는 부러운 눈으로 바라보고 있었다.,1,1
지난 몇 달간의 그 참담한 은신 때에도 불평하는 기색 한 번 비치지 않던 그녀였다. ,0,0
"60년대의 참담한 현실을 사진으로 남긴다며 사창가로, 빈민촌으로, 무의탁 합숙소로, 고아원으로 뛰어다녔는데…. ",0,0
이 제품은 천연 향료가 들어 있어 향이 아주 상큼하다.,1,1
진우는 자신이 뭔가 실수를 저질렀을까 걱정이 되는지 약간 근심스러운 표정으로 좌우를 두리번거렸다.,0,1
이번에 OOO가 선보인 스프링 룩은 우아하면서 상큼하다. ,1,1
그 사람은 중년에 접어들더니 복의 배가 되어 모양새가 우습다. ,0,1
제철이 아니어서 딸기 맛이 덤덤하다. ,0,0
나는 사람들 앞에서 아내에게 입맞춤하기가 낯간지러웠으나 사람들 성화에 할 수밖에 없었다.,1,0
"편지를 기다리는 삶, 그것은 외로운 생활이다.",0,0
두 어깨를 짓누르던 천근이나 되는 짐을 활딱 벗어 버린 듯 거뜬하고 통쾌하였다. ,1,1
그러니만큼 최치수 신분에 대한 열등감은 그만큼 강했었는지 모른다. ,0,1
"그는 사실무근의 원죄를 쓰고 유락의 죄인이 되고, 집안은 폐족이 되어 팔대 옥당의 명문이 백척간두에 서 있는 것이 원통하고 억울하다. ",0,1
그녀는 물살에 튀는 햇살이 어지럽게 작열하는 것을 황홀한 듯이 얼보았다. ,1,1
인제 생각하니 후회가 된다. ,0,1
모처럼 시간을 내어 찾아왔는데 그를 못 만나고 가니 참으로 아쉽다. ,0,0
그는 언제나 자기가 어리석고 못났다는 열등감에 빠져 있는 듯했다. ,1,0
오리정은 춘향이가 이 도령과 구곡간장이 녹아내리는 듯이 애끓는 이별을 나눈 곳이다.,1,0
복희는 쑥스럽고 창피해져서 얼김에 낯이 달아올랐다. ,0,1
그는 사업의 실패로 절망 상태에 함입되었다. ,0,0
"대신들은 단지 시재의 변괴만 걱정하지만, 수양에게는 다른 커다란 근심이 있었다.",0,1
그의 웃음은 황소 웃음같이 텁텁하고 편안하다. ,1,0
국내 최고의 구단에 입단하게 되어서 기쁘다. ,1,1
모욕적인 언사에 격분하다. ,1,0
동물들도 모방은 하지만 그것이 예술은 아니라는 주장에 대한 그 학자의 논증은 간단하고 재미있다. ,1,1
언제부터인가 항상 완벽하게 맞아떨어지는 도표와 보고서 작성에 싫증이 났다. ,0,0
그녀는 야간 대학에 진학함으로써 학벌에 대한 열등감을 극복하였다. ,1,0
네 한몸 건사하기도 버거울 텐데 나한테까지 신경써 주다니 정말 고맙다.,1,0
"밤낮 창피, 창피 하지만 창피한 노릇을 왜 벌어 하시랍디까?",0,1
슬프다 풍속이 무너져 해어짐이 이 같으니 벼슬에 있는 이가 비록 능히 금하지 못하나 차마 도우랴.,0,0
세무소에 수시로 출입하는 일도 참 귀찮다. ,0,0
이 같은 어린이책 출판 현실 속에서도 일부 출판사는 ‘탈상업주의’를 내세우며 기획 도서를 내 왔는데 특히 올 어린이날에는 창작 동화집들이 많이 나와 반갑다. ,1,1
공자 왕기는 맑은 눈을 굴려 힐끗 노국 공주를 바라본다. 순간 공자의 입가엔 만족한 미소가 넘쳐흘렀다.,1,0
절컥대는 나무 의자의 받침이 왠지 불안하다. ,0,1
신세가 서러워서 울다.,0,1
민수에게 좋아하는 마음을 넌지시 내비쳐 보지만 그는 깜깜절벽 전혀 내 마음을 모르는 것 같아 속상하다.,0,1
부동산 붐을 타고 전 국민이 투기꾼화 되어 가는 현실이 슬프다. ,0,0
“월색이 그저 고만이구먼.” 하고 감탄해 마지않았다.,1,1
폭발 사고 현장의 비참한 모습은 말로는 다할 수 없을 지경이었다.,0,1
조금만 늦잠을 잔 다음 적당한 시간에 일어나서 간단한 아침을 마치고 성경책을 정성스레 옆에 끼고 자기 구 교회로 가는 그런 일요일의 인간이라면 그는 행복하다.,1,1
"아이는 또 떼를 쓰며 울기 시작했고, 어머니는 화난 얼굴로 아이의 엉덩이를 때렸습니다. ",0,1
"자동차 강도 사건이 있은 후 불과 몇 시간 뒤의 일이므로, 행여나 연락 관계가 있나 하는 막연한 의심뿐이었다.",0,1
그날 선생님 앞에서 문학에 대해 얄팍히 아는 지식으로 떠들던 내가 그지없이 부끄럽다.,0,1
박태영은 금방 궤짝 속에서 시체를 보고 기겁했던 기분을 그 과자의 맛으로 해서 말쑥하게 잊었다.,1,0
나는 성격이 단순해서 속에 있는 근심 걱정이 겉으로 나타나지 않게 엄적을 하지 못한다네. ,0,1
나는 그의 명석한 두뇌에 다시 한번 감탄하지 않을 수 없었다. ,1,1
그는 마치 죽기를 결단한 사람처럼 비장해 보인다.,0,1
나는 이때까지 담 구멍을 뚫는 짓으로 먹고산 것을 후회한다. ,0,1
규리는 몇 번을 만나도 대하기가 서먹하다. ,0,0
우리는 바닷속으로 침몰되고 있는 배를 바라보며 절망했다. ,0,0
이 모의는 결국 비참한 후과를 초래하고 말았다. ,0,1
굶은 때가 절반입니다. 사람으로서 이러한 생활을 하는 것이 얼마나 비참하고 괴로운 것입니까?,0,1
나는 나 스스로에게 절망했다. ,0,0
학자들이 연구에 전력하는 풍토가 조성되어 있지 못한 것 같아 아쉽다.,0,0
가까이에서 안부 한 번 못 물어 본 것이 너무 미안하다.,0,1
거머리가 잘싸닥대는 논에 들어가기 싫다.,0,1
선창하는 아버지의 얼굴은 온화하고 정겨워 보였다. ,1,1
나는 자기 책임을 남에게 전가하는 그의 태도가 가증스럽기 그지없었다. ,1,0
얘기하고 나서 후회할 일이면 그만두게. ,0,1
그렇게 싫이 여기던 친구도 오래 안 보니 그립다. ,1,0
나는 꿀물로 시작해서 줄줄이 부엌에 대령하고 있을 그 엄청난 음식들을 생각하자 지겹다 못해 절망스러워졌다.,0,0
나는 그를 충분히 모욕했다고 생각하면서도 실은 조금도 통쾌하지 않았다. ,1,1
그는 자신의 몰골을 그녀가 보면 어쩌나 하는 조바심에 전전긍긍했다.,1,0
아이는 뱀을 보자 기겁하여 비명을 질렀다. ,1,0
장사 출신인 심가왕은 이번에 심유경을 따라 가서 한번 톡톡히 장사를 해 볼 생각이 들어서 마음이 기쁘다.,1,1
우리는 괜히 그녀가 어떻다고 쑥설거린 것을 후회했다. ,0,1
동영은 오히려 그녀의 그런 스스럼없음에 갑작스러운 의심이 들었다.,0,1
우물우물 망설이다.,0,0
뭐 하던 사람인지 전직이 의심스럽다. ,0,1
큰딸은 첫 정이라 애틋하고 둘째는 막내라 예쁘다. ,1,1
이런 작은 일로 상을 받기가 낯간지럽습니다.,1,0
짧게 머리를 깎으니 가뜬해서 좋다. ,1,1
"그녀는 가파른 층계를 가볍게 내려가면서, 김성태의 그 우울한 뒷모습을 애써 지워버렸다.",0,0
나는 첫눈에 그에게 반했다. ,1,1
대변인은 설치 미술가이자 인권 운동가인 OOO 구금 사건에 대해 법을 어긴 사람이 처벌받는 것은 당연한 일이라면서 그런데도 일부에서 그를 영웅화하고 있다고 서방에 강한 거부감을 표시했습니다. ,0,1
평화롭고 부강한 민주 국가를 건설하다. ,1,0
겸손은 예로부터 우리의 자랑스러운 미덕이었다. ,1,1
고생하는 너를 볼 때마다 마음이 애처로우나 표현을 잘 하지 못해 미안하다. ,0,1
이 소식은 전교를 통해…조선인 학생들에게 큰 충격을 주었다. 격분을 불러일으켰다.,1,0
거짓말을 하려니 마음이 괴로웠다.,0,0
사람이 답답하다. ,0,0
그의 시에는 허무한 삶에 대한 탄식이 가득했다. ,0,0
무안스럽게 한참 쳐다보았다. ,0,0
"목소리가 가늘거나 쉰 사람들, 특히 말을 더듬는 아이들은 ‘대고음 불가한민국’을 맘껏 외치고 싶지만 고음 불가여서 속상하다. ",0,1
실직으로 하여 절망에 빠지다. ,0,0
남자는 자기가 기준 미달이라는 열등감에 사로잡혔다. ,0,1
그는 누명을 쓰고 죽기가 원통하여 눈물을 흘렸다. ,1,0
"아이고, 이 사람아, 그렇게 후회할 거면 함께 가자지 그랬어?",0,1
사람이 영 변변찮아서 같이 일하기가 불안하다. ,0,1
그날만큼은 우리가 대한민국 국민이라는 것이 창피했다. ,0,1
나는 무어라 대답할 말도 없고 또 굳이 대답하기도 싫어 덤덤하게 앉아 있기로 했다.,0,0
시험에서 톱으로 합격한 아들이 정말 자랑스럽다.,1,1
두 사람의 사랑은 애틋했지만 이루어질 수 없었다.,1,1
소문이 너무 황당하여 어이없다. ,0,1
어딘가로 떠나고 싶지만 여행 계획 짜는 것이 귀찮다. 이럴 때 쓰라고 인터넷이 있다는 것이 인터넷 파워유저 장연주 씨의 조언.,0,0
상은 못 줄망정 창피를 주다니 될 말입니까.,0,1
그는 화가 나서 소주병을 들고 나팔을 불었다. ,0,1
강 대위는 비장한 표정으로 땅바닥에 지도를 펴 놓고 무전기로 작전 지시를 내렸다.,0,1
진한 감동으로 콧날이 시큰댄다.,1,1
진땀이 빠지직거릴 정도로 무섭다.,0,1
그의 마음속에는 불특정 다수에 대한 증오가 사무쳤다. ,0,1
그는 양손을 맞쥐고 초조하게 앉아 있었다.,0,1
만족한 얼굴.,1,0
정 중위는 수하 소대원들의 희생으로 보신명하였다는 죄책감을 떨칠 수 없었다. ,0,1
제가 잠결에 잘못 보지나 않았는가 하고 두루두루 의심하여 봅니다. ,0,1
형은 화났는지 입에 물고 있던 담배를 재떨이에 던져 버렸다.,0,1
어쨌거나 소용 닿을 데가 없는 일로 해서 그를 화나게 만들 필요는 없었다. ,0,1
힘만 있어도 포교 서너 놈 한주먹에 때려눕히고 들고 뛸 수 있을 것을 생각하니 꺽정의 힘이 새삼스럽게 부러웠다. ,1,1
나는 처음이라 이 분위기가 서먹하다.,0,0
처음 10년간은 단 한 명의 개종자도 얻지 못할 만큼 그의 포교 활동은 참담한 실패였다. ,0,0
장갑차 위의 철모 쓴 병사는 길 변을 메운 군중들을 향해 비장한 얼굴로 손을 흔든다. ,0,1
아이는 뱀을 보자 기겁하여 비명을 질렀다. ,1,0
봉순은 끝내 자신을 향한 석이의 애끓는 연정을 뿌리치고 떠났다.,1,0
가수들의 춤과 노래에 열광된 관객들도 자리에서 일어나 춤을 추었다.,1,1
화가 나서 눈을 까뒤집고 대들다.,0,1
그날따라 귀찮은 전화가 자주 와서 아예 전화선을 뽑아 버렸다. ,0,0
그의 얼굴에는 자신의 행동을 후회하는 빛이 역력했다. ,0,1
그는 의심이 가득한 눈으로 나를 쳐다봤다. ,1,0
새 옷을 입은 채희는 문오를 황홀하게 만들었다. ,1,1
음식을 준비했는데 맛이 별로여서 창피했어요.,0,1
우리 편은 축구 경기에서 후반에 맹추격전을 벌여 통쾌한 역전승을 거두었다. ,1,1
길호의 고패눈은 살기가 다락다락하고 매부리코에 눈썹은 마주 붙어서 눈빛이 무섭다.,0,1
민정이는 자만심이 강해서 도무지 남의 충고를 받아들이지 않는다. ,1,0
신철은 모르는 여자와 단둘이 남으니 공연히 부끄러웠다. ,0,1
그 사람은 말하는 게 느끼해서 싫다. ,0,1
그는 평생을 죄책감 속에 보냈다. ,1,0
십육 년 동안 나서 자란 그 집에 대한 기억은 결코 행복한 것은 아니었다. 행복하기는커녕 고독하고 비참한 기억뿐이었다.,0,1
만고에 불역한 진리를 왜곡하려는 행위가 가증스럽다. ,1,0
내가 진지하게 이야기하는데도 모두 농담으로 받아들이니 답답하다.,0,0
이러한 생각 때문에 찌뿌드드 곤기가 드는 이 아침도 유쾌한 아침일 수 있었다.,1,1
한겨울에 창문 너머로 들려오던 메밀묵과 찹쌀떡 장수의 소리가 그립다. ,1,0
저의 억울한 누명을 씻어 주세요.,0,1
"그에게는 과거도, 미래도 없었다. 침통과 우울과 참담과 공포가 있을 뿐이었다.",0,0
무엇보다도 내 눈에 부러운 것은 그 집 목욕탕이었다.,1,1
마른하늘에 둥실 떠가는 한 조각 구름을 보고 있으니 마음이 편안하다. ,1,0
나는 그 말을 듣자 마치 장작이 뻐개지듯 가슴이 통쾌하였다. ,1,1
일손을 거두고 집으로 돌아가는 농부들의 모습이 참 평화롭다.,1,0
이곳은 침식이 제일 불편하다.,0,1
남달리 의협심이 강한 이들은 최 영감이 괘씸해서 견딜 수가 없었습니다. ,0,1
그는 평소에 유순히 행동하지만 화가 나면 무섭다. ,0,1
그는 죄책감에 시달리다가 안타깝게도 스스로 목매달아 죽었다.,0,1
강물을 따라 길을 걸을 때가 가장 행복하다. ,1,1
배달수는 무거운 짐을 부려 버린 듯 오히려 마음이 홀가분했다. ,1,0
한이 맺히다.,1,0
이 공사는 두 달이면 만족하리라 본다.,1,0
이번 시합에서 우승을 놓친 것이 안타깝다.,0,0
무위도식하며 인생을 허송하는 그의 모습을 보면 내가 도리어 안타깝다. ,0,0
윤태는 남희가 대견하고 사랑스러워 어쩔 줄을 몰랐다. ,1,1
그녀는 내가 혼자 약속 장소에 나타나니 실망하는 표정이었다.,0,0
그 주장의 타당성이 의심스럽다.,0,1
여흥 시간에 부른 그의 노래에 모두가 환호하고 열광했다. ,1,1
그 가수는 수많은 관객을 열광시켰다. ,1,1
예술의 깊이에 감탄하다.,1,1
명석은 첫사랑에 대한 애틋하고도 감미로운 그리움으로 가슴이 터질 것 같았다. ,1,1
영화 속 주인공은 태어날 때부터 부모에게 버림을 받고 세상을 증오하면서 자라게 된다. ,0,1
그는 스승이 너무나 자랑스럽다. 그런 사람을 스승으로 모실 수 있는 것이 너무나 영광스럽고 기쁘다.,1,1
올올하게 솟아 있는 기암괴석들을 보고 모두 감탄하였다.,1,1
손자에 대한 끔찍한 사랑.,1,1
추수를 끝내고 마당에 쌓인 노적가리를 보니 마음이 뿌듯하다. ,1,1
복잡했던 일들이 잘 풀렸는지 우울했던 그의 표정이 밝아졌다. ,0,0
나는 밖에까지 나가지 않고 낯간지럽고 민망한 생각이 들어 일방에서 내다보기만 하였다. ,1,0
민석은 국가의 기밀을 알고 있다는 사실이 자랑스러운 듯 마구 지껄여댔다.,1,1
부끄럽고 창피해 더 이상 앉아 있기가 거북살스럽다. ,0,1
당나라와 고구려의 지혜 겨룸의 이야기는 언제 들어도 재미있다.,1,1
박 사장이 우리의 제의에 만족하는 눈치였다. ,1,0
철수는 앞뒤가 꽉 막혀 답답하다.,0,0
의사는 보는 때마다 묻는 말을 대답하기에 싫증이 난 듯이 범범한 태도로 말을 하고 진찰을 하고 나더니….,0,0
대개의 사람들이 현실에 만족하는 경우는 적다. ,1,0
외국인들의 서투른 젓가락질을 보면 정말 재미있다. ,1,1
그는 초보 운전 시절 저질렀던 황당한 실수를 털어놓았다. ,0,1
이런 작은 일로 상을 받기가 낯간지럽습니다.,1,0
유태림도 그 무렵엔 학생들을 돌려보내고 피난 갈 준비를 하고 있었다. 그런데 어딜 가야 좋을지 망설이지 않을 수 없었다.,0,0
그는 나날이 초조한 가운데 하루해를 넘기기가 은근히 조심되었다.,0,1
일이 잘 풀리지 않아 실망스러웠지만 소기의 목적은 달성하였다.,0,0
하루 종일 비가 부슬거려 기분이 우울하다.,0,0
점잔을 빼야 할 자리에서 잦은방귀 때문에 창피를 톡톡히 당했다네. ,0,1
그녀는 발끈 화를 내며 그의 말을 맞받아쳤다. ,0,1
백팀이 역전승을 올리자 팬들은 열광하였다. ,1,1
친구의 장례식을 지켜보면서 그는 인생이 허무하게 느껴졌다.,0,0
고향에서는 거름 썩는 냄새도 정겹다.,1,1
열등감을 느끼다.,0,1
청국과 일전도 불사하겠다는 비장한 각오를 하게 된 것은 단순히 겨뤄 보겠다는 뜻이 아니라…,0,1
그는 세계 제일이 아니면 죽는다는 비장한 각오로 업무를 시작했다. ,0,1
나는 지금 기분이 최고로 좋다. ,1,1
고함 소리에 화들짝 놀라다.,1,1
그는 온 세상의 걱정 근심을 혼자 안아맡은 것처럼 인상을 쓴다.,0,1
이 책은 사 권이 제일 재미있다. ,1,1
창수는 새봄이 오기 전에 종자 씨와 농기구들을 비장해 두느라 요즘 매우 바쁘다. ,0,1
정신 분석은 마음의 상처나 열등감의 발산을 통해 그것을 치료하는 정신 요법의 일종이다.,0,1
거의 경멸에 가까운 냉소를 노골적으로 드러내면서 그는 내뱉듯 말했다. ,0,1
퐁당거리는 소리에 깜짝 놀라다. ,1,1
그는 누구보다도 우세하다는 자만심에 차 있었다.,1,0
우리는 만난 지 얼마 안 되어 아직까지는 서먹한 사이다. ,0,0
하루하루의 생활이 즐겁다. ,1,1
그 사람의 행운을 시기해서는 안 된다.,1,0
승희는 언제나 성적이 좋은 은희를 부러워하고 샘냈다.,0,1
이 동리에서 안하무인으로 곤댓짓을 하고 다니는 양반을 해내고 만 것이 통쾌하였다. ,1,1
나는 나만 도망친 건 아니라며 자위도 해 보았지만 여전히 죄책감을 느꼈다. ,0,1
상기 개지 않는 설의를 머금은 하늘이 나직이 가라앉은 하늘 아래 너무나 황홀한 풍경입니다. ,1,1
동생이 나와 같은 학교에 합격해서 정말로 기쁘다.,1,1
오래 잊어 버렸던 쌉쌀하면서도 매콤한 맛의 가죽자반이 반갑다. ,1,1
아무 죄도 없는 너에게 화내는 내가 잘못이다. ,0,1
금전만능의 환로에 실망한 그는 지리산으로 들어가 은둔했다. ,0,0
소문의 진부를 알 수 없어 답답하다. ,0,0
죽음에 맞서 싸우던 그의 비장한 최후가 생각난다.,0,1
나와 그 친구는 사이가 참 좋다. ,1,1
가슴이 답답하다. ,0,0
타향에서 고향 사람을 만나면 참 반갑다.,1,1
러시아 출신인 OOO는 ‘향락업계 종사자가 아닐까.’라는 사람들의 삐딱한 시선 때문에 괴롭다.,0,0
이번에는 시험을 너무 못 봐서 성적표를 보여 드리기가 정말 창피해.,0,1
또다시 시험에 떨어진 나는 참담한 심정을 감출 수가 없었다. ,0,0
고향의 가까운 골짜기에서 듣게 된 새벽 산새 울음소리는 그를 마음 편안하게 했으며…,1,0
배달수의 눈에는 그녀의 눈물이 마치 그들에게 닥쳐올 엄청난 불행을 암시해 주고 있는 것처럼 보였다.,0,1
서로를 시기하다.,1,0
희규가 이윽고 의자에서 일어서며 상혁을 향해 유쾌하게 말을 걸었다. ,1,1
나는 정신없이 춤추는 사람들의 모습에서 살갗을 파고드는 것 같은 쓰라린 배신감을 맛보았다. ,0,1
새서방은 사선으로 얼굴을 가리고 눈앞에 우쭐거리는 먼 앞길을 황홀하게 본다. ,1,1
어떤 어려움이 있어도 결코 절망해서는 안 된다.,0,0
그와 으르렁거리며 싸우는 것도 이제는 지겹다. ,0,0
그는 요즘 우울과 무력감에 빠져 있다.,0,0
당장의 목표를 이루었다 해서 자만심에 빠지지 말고 더욱더 노력하자. ,1,0
구체적인 물건이 아니더라도 진정한 애정에서 비롯된 것이라면 받는 사람은 감동하기 마련이다.,1,1
그녀는 배신감에 이를 갈며 이제나 저제나 돈궤가 털렸다고 야단법석이 나기를 기다렸다.,0,1
아침마다 옆집 개구쟁이가 출근하는 아빠를 배행하는 모습이 정겹다. ,1,1
부모는 자식이 어느덧 커서 가슴에 이름표를 달고 학교에 가는 것을 보니 뿌듯하다.,1,1
먼 곳에서 호랑이에게 잡혀간 오누이를 부르는 소리가 애끓게 들려온다. ,1,0
딸이 시집을 가는 마당에 기쁨보다는 근심이 더 앞서는 것은 아마도 부모 된 자가 자식을 걱정하는 마음탓일 것이다.,0,1
수험생들은 초조하게 결과를 기다렸다. ,0,1
아무리 생각해도 남편의 매는 어머니의 그것보다 무섭다. 그러면 다시 집으로 들어가나 이번에는 외상없는 매가 떨어질 것 같다. ,0,1
조망태는 양찬오한테도 잔을 디밀었다. 양찬오는 덤덤하게 웃으며 잔을 받았다. ,0,0
아지랑이가 보이기 시작하는 봄이면 나는 괜히 기분이 좋다. ,1,1
자식을 잃은 부모들이 오늘도 애끓는 마음으로 마을 이곳저곳을 찾아다니고 있다.,1,0
그는 의심이 많아 이웃 사람도 잘 믿지 못한다,1,0
그지없이 기쁘다.,1,1
오리정은 춘향이가 이 도령과 구곡간장이 녹아내리는 듯이 애끓는 이별을 나눈 곳이다.,1,0
"여보게, 창피한 말이지만 나는 오늘 조반도 아직 못 먹었네. ",0,1
그녀는 예상하지 못했던 기자들의 질문에 당황하여 잠시 대답을 망설였다. ,0,0
뱅골댁은 어떤 배신감 같은 것을 느끼며 한바탕 대거리를 벌일 것처럼 소리를 질러 댔다.,1,0
